stagger,ticker,currency,primary_sector,observations,start,end,residual_std,additional_sectors,reconstruction_error
stagger_1,VST,USD,XLU,80,2020-07-20,2026-08-10,0.09651075595092015,XLV,2.7755575615628914e-17
stagger_1,VIST,MXN,XLE,80,2020-07-20,2026-08-10,0.09896920244928639,XLV,5.551115123125783e-17
stagger_1,AEP,USD,XLU,80,2020-07-20,2026-08-10,0.03184357058468803,"XLRE,XLB",1.3877787807814457e-17
stagger_1,ETR,USD,XLU,80,2020-07-20,2026-08-10,0.03296280871729728,,1.3877787807814457e-17
stagger_1,DIS,USD,XLC,80,2020-07-20,2026-08-10,0.06100171781989208,"XLV,XLF",2.7755575615628914e-17
stagger_1,CMG,USD,XLY,80,2020-07-20,2026-08-10,0.0919031254653733,XLE,5.551115123125783e-17
stagger_1,AMZN,USD,XLY,80,2020-07-20,2026-08-10,0.04607541145322084,"XLB,XLV",2.7755575615628914e-17
stagger_1,FIX,USD,XLI,80,2020-07-20,2026-08-10,0.08974340090295516,"XLRE,XLF",4.163336342344337e-17
stagger_1,STX,SGD,XLK,80,2020-07-20,2026-08-10,0.11176936099669235,XLE,5.551115123125783e-17
stagger_1,VLO,USD,XLE,80,2020-07-20,2026-08-10,0.06894624284105477,,2.7755575615628914e-17
stagger_1,CF,USD,XLB,80,2020-07-20,2026-08-10,0.08142068613116343,"XLE,XLY",5.551115123125783e-17
stagger_1,NTR,CAD,XLB,80,2020-07-20,2026-08-10,0.06268527746523617,XLE,2.7755575615628914e-17
stagger_1,LNN,USD,XLI,80,2020-07-20,2026-08-10,0.06562543032707972,,2.7755575615628914e-17
stagger_1,WDC,USD,XLK,80,2020-07-20,2026-08-10,0.1291979611583643,"XLI,XLP",9.020562075079397e-17
stagger_1,ASND,DKK,XLV,80,2020-07-20,2026-08-10,0.10155092442794064,,5.551115123125783e-17
stagger_1,DOCN,USD,XLK,70,2021-04-26,2026-08-10,0.1681759690446617,XLE,1.1102230246251565e-16
stagger_1,CME,USD,XLF,80,2020-07-20,2026-08-10,0.05121751153271043,"XLP,XLE",1.3877787807814457e-17
stagger_1,NET,USD,XLK,80,2020-07-20,2026-08-10,0.12497591698389895,"XLY,XLP,XLE",5.551115123125783e-17
stagger_1,MRNA,USD,XLV,80,2020-07-20,2026-08-10,0.1793382045142316,,5.551115123125783e-17
stagger_1,AXON,USD,XLI,80,2020-07-20,2026-08-10,0.11695825485623851,XLY,5.551115123125783e-17
stagger_1,NFLX,USD,XLC,80,2020-07-20,2026-08-10,0.09464079136441438,"XLU,XLK",2.7755575615628914e-17
stagger_1,CMCSA,USD,XLC,80,2020-07-20,2026-08-10,0.05169471143174609,"XLE,XLP",1.3877787807814457e-17
stagger_1,MU,USD,XLK,80,2020-07-20,2026-08-10,0.13860238559182037,XLY,1.1102230246251565e-16
stagger_1,NEM,USD,XLB,80,2020-07-20,2026-08-10,0.09693601288609921,,5.551115123125783e-17
stagger_1,PGR,USD,XLF,80,2020-07-20,2026-08-10,0.047288019219769634,XLP,2.7755575615628914e-17
stagger_1,ORKA,USD,XLV,80,2020-07-20,2026-08-10,0.19285235779744783,XLC,5.551115123125783e-17
stagger_1,UPST,USD,XLF,73,2021-02-01,2026-08-10,0.2409654415271451,XLV,1.1102230246251565e-16
stagger_1,PG,USD,XLP,80,2020-07-20,2026-08-10,0.03341787973835814,XLE,1.3877787807814457e-17
stagger_1,F,USD,XLY,80,2020-07-20,2026-08-10,0.08613832772545395,,5.551115123125783e-17
stagger_1,HPE,USD,XLK,80,2020-07-20,2026-08-10,0.08102172557713551,"XLF,XLC,XLE,XLRE",2.7755575615628914e-17
stagger_1,BA,USD,XLI,80,2020-07-20,2026-08-10,0.07721379462288652,XLE,2.7755575615628914e-17
stagger_1,HII,USD,XLI,80,2020-07-20,2026-08-10,0.08164726565426049,,2.7755575615628914e-17
stagger_1,AMD,USD,XLK,80,2020-07-20,2026-08-10,0.10367561529325793,,5.551115123125783e-17
stagger_1,LLY,USD,XLV,80,2020-07-20,2026-08-10,0.06941681171675929,XLK,2.7755575615628914e-17
stagger_1,WELL,USD,XLRE,80,2020-07-20,2026-08-10,0.049190051587749015,"XLB,XLK,XLY",1.3877787807814457e-17
stagger_1,NOK,EUR,XLK,80,2020-07-20,2026-08-10,0.11327863700273144,XLE,5.551115123125783e-17
stagger_1,MSFT,USD,XLK,80,2020-07-20,2026-08-10,0.056397643353761184,XLI,5.551115123125783e-17
stagger_1,GOOGL,USD,XLC,80,2020-07-20,2026-08-10,0.06289885819700786,"XLB,XLRE",5.551115123125783e-17
stagger_1,COST,USD,XLP,80,2020-07-20,2026-08-10,0.04539921704303069,"XLY,XLF",2.7755575615628914e-17
stagger_1,HD,USD,XLY,80,2020-07-20,2026-08-10,0.056014772999352584,XLI,1.3877787807814457e-17
stagger_1,KO,USD,XLP,80,2020-07-20,2026-08-10,0.026844909531589727,"XLY,XLB,XLC",2.0816681711721685e-17
stagger_1,JNJ,USD,XLV,80,2020-07-20,2026-08-10,0.03603447107941939,XLP,2.7755575615628914e-17
stagger_1,BRK-B,USD,XLF,80,2020-07-20,2026-08-10,0.03271371583313965,"XLV,XLP",2.7755575615628914e-17
