stagger,ticker,beta_MXN/USD,beta_SGD/USD,beta_CAD/USD,beta_DKK/USD,beta_EUR/USD,beta_AUD/USD,beta_SPY,beta_XLC,beta_XLY,beta_XLP,beta_XLE,beta_XLF,beta_XLV,beta_XLI,beta_XLB,beta_XLRE,beta_XLK,beta_XLU,alpha_total
stagger_1,VST,0.0,0.0,0.0,0.0,0.0,0.0,1.0807695838376312,0.0,0.0,0.0,0.0,0.0,-1.0068869923966963,0.0,0.0,0.0,0.0,0.7739398668443549,0.013536416365041413
stagger_1,VIST,0.09581719845524815,0.0,0.0,0.0,0.0,0.0,-0.10515622731042487,0.0,0.0,0.0,0.9012890299802224,0.0,-0.8508848973828881,0.0,0.0,0.0,0.0,0.0,0.0368570034083566
stagger_1,AEP,0.0,0.0,0.0,0.0,0.0,0.8672049648731093,0.09057040035582642,0.0,0.0,0.0,0.0,0.0,0.0,0.0,-0.2274487788897187,0.3137672845566697,0.0,0.9779304586913968,0.007645488535775842
stagger_1,ETR,0.0,0.0,0.0,0.0,0.0,0.0,0.3555629708609096,0.0,0.0,0.0,0.0,0.0,0.0,0.0,0.0,0.0,0.0,0.9424746365220069,0.0104151645962253
stagger_1,DIS,0.0,0.0,0.0,0.0,0.0,0.947989912163226,1.073992485488932,0.47372630168126006,0.0,0.0,0.0,0.5589494746531719,-0.6431581755104562,0.0,0.0,0.0,0.0,0.0,-0.0149545145520035
stagger_1,CMG,0.0,0.0,0.0,0.0,0.0,1.042483668624064,0.6580237546589978,0.0,0.5317418070749419,0.0,-0.32475599295721425,0.0,0.0,0.0,0.0,0.0,0.0,0.0,-0.00836205211390316
stagger_1,AMZN,0.0,0.0,0.0,0.0,0.0,0.0,1.619582619904052,0.0,1.0478560069082952,0.0,0.0,0.0,-0.3147976906492089,0.0,-0.6775758210275473,0.0,0.0,0.0,-0.010994405308979431
stagger_1,FIX,0.0,0.0,0.0,0.0,0.0,1.5698090871898074,1.1643768890409953,0.0,0.0,0.0,0.0,-0.8318994041356363,0.0,0.6939573360694953,0.0,-0.8906916423112344,0.0,0.0,0.03547092198593255
stagger_1,STX,0.0,3.8723521240639207,0.0,0.0,0.0,0.0,2.0968422404361773,0.0,0.0,0.0,0.4248879235253211,0.0,0.0,0.0,0.0,0.0,2.5292280701422194,0.0,0.019836891888958916
stagger_1,VLO,0.0,0.0,0.0,0.0,0.0,0.0,-0.07613255166926167,0.0,0.0,0.0,1.193653630616189,0.0,0.0,0.0,0.0,0.0,0.0,0.0,0.029405267027374574
stagger_1,CF,0.0,0.0,0.0,0.0,0.0,0.0,-0.5471032380335344,0.0,0.7839389598890936,0.0,0.866167141685231,0.0,0.0,0.0,0.5428187046791582,0.0,0.0,0.0,0.024449741264504204
stagger_1,NTR,0.0,0.0,0.3921288128535939,0.0,0.0,1.1509476316412595,-0.31034316803327805,0.0,0.0,0.0,0.25497856964213234,0.0,0.0,0.0,0.4528747374689689,0.0,0.0,0.0,0.012361865281881521
stagger_1,LNN,0.0,0.0,0.0,0.0,0.0,1.097272974032363,0.1612036506687235,0.0,0.0,0.0,0.0,0.0,0.0,0.8872338346949222,0.0,0.0,0.0,0.0,-0.0016041125010173695
stagger_1,WDC,0.0,0.0,0.0,0.0,0.0,1.8996128336830962,1.5918105654003436,0.0,0.0,-1.0683289734012542,0.0,0.0,0.0,2.2415984046255297,0.0,0.0,2.5892389589897453,0.0,0.025702285770887668
stagger_1,ASND,0.0,0.0,0.0,0.780779426060414,0.0,0.0,0.3045600524159088,0.0,0.0,0.0,0.0,0.0,0.31839023936538624,0.0,0.0,0.0,0.0,0.0,0.006509738616754797
stagger_1,DOCN,0.0,0.0,0.0,0.0,0.0,0.0,1.546189502823737,0.0,0.0,0.0,0.7941590136389717,0.0,0.0,0.0,0.0,0.0,2.4233173477965178,0.0,0.00404550243440848
stagger_1,CME,0.0,0.0,0.0,0.0,0.0,0.6864279163249658,-0.04707146123388014,0.0,0.0,0.443544682742632,0.19264782996482566,-0.20927987861196,0.0,0.0,0.0,0.0,0.0,0.0,0.009079982322832178
stagger_1,NET,0.0,0.0,0.0,0.0,0.0,0.0,1.411248901558702,0.0,1.589968840689224,-1.0523287780752382,0.44165398076539264,0.0,0.0,0.0,0.0,0.0,0.16156132201115553,0.0,0.011521268314186107
stagger_1,MRNA,0.0,0.0,0.0,0.0,0.0,2.674210324713482,0.017704995601391993,0.0,0.0,0.0,0.0,0.0,0.5614423945780336,0.0,0.0,0.0,0.0,0.0,-0.004840121716673422
stagger_1,AXON,0.0,0.0,0.0,0.0,0.0,0.0,0.9661221188506408,0.0,0.9069188124097708,0.0,0.0,0.0,0.0,1.463226784510264,0.0,0.0,0.0,0.0,0.009982912228537009
stagger_1,NFLX,0.0,0.0,0.0,0.0,0.0,0.0,1.0663651765965274,1.1105117841483856,0.0,0.0,0.0,0.0,0.0,0.0,0.0,0.0,0.9047570737026679,0.8470791204963268,-0.006750209675900109
stagger_1,CMCSA,0.0,0.0,0.0,0.0,0.0,1.3972217825055568,0.12249610985456917,1.0423485198004585,0.0,0.39893648024690165,0.24723974740700672,0.0,0.0,0.0,0.0,0.0,0.0,0.0,-0.006625603779360477
stagger_1,MU,0.0,0.0,0.0,0.0,0.0,2.100631501784688,1.5482655887481136,0.0,-1.3541672272265917,0.0,0.0,0.0,0.0,0.0,0.0,0.0,2.572639566163326,0.0,0.02822387481593957
stagger_1,NEM,0.0,0.0,0.0,0.0,0.0,3.4605761782721256,-0.1044793918814576,0.0,0.0,0.0,0.0,0.0,0.0,0.0,0.4903823444839309,0.0,0.0,0.0,0.015242742135957969
stagger_1,PGR,0.0,0.0,0.0,0.0,0.0,0.0,0.24194095028878096,0.0,0.0,0.5644156417695999,0.0,0.5520258065306715,0.0,0.0,0.0,0.0,0.0,0.0,0.008658034760398408
stagger_1,ORKA,0.0,0.0,0.0,0.0,0.0,0.0,0.24887621413903638,-1.8184988931971198,0.0,0.0,0.0,0.0,-0.7427220223089865,0.0,0.0,0.0,0.0,0.0,0.026833702556454297
stagger_1,UPST,0.0,0.0,0.0,0.0,0.0,0.0,2.606235271533908,0.0,0.0,0.0,0.0,1.8477338898248223,-1.7303465043853854,0.0,0.0,0.0,0.0,0.0,-0.041467140070412634
stagger_1,PG,0.0,0.0,0.0,0.0,0.0,0.8518723911518092,0.3060964287109688,0.0,0.0,0.9601542751755734,-0.17364702370202845,0.0,0.0,0.0,0.0,0.0,0.0,0.0,-0.0017889322140515604
stagger_1,F,0.0,0.0,0.0,0.0,0.0,2.0246448249359155,0.8753043726265811,0.0,0.4715658290082859,0.0,0.0,0.0,0.0,0.0,0.0,0.0,0.0,0.0,-0.000404029627444266
stagger_1,HPE,0.0,0.0,0.0,0.0,0.0,0.0,1.2852880692677509,-1.020208280539928,0.0,0.0,0.33031965196464264,1.0723560181538883,0.0,0.0,0.0,-0.652575603945674,1.2533717325270628,0.0,0.013645326168602718
stagger_1,BA,0.0,0.0,0.0,0.0,0.0,2.0229612897041194,0.6551057236775952,0.0,0.0,0.0,-0.3072859525624954,0.0,0.0,0.3642699883913816,0.0,0.0,0.0,0.0,-0.005623634210663024
stagger_1,HII,0.0,0.0,0.0,0.0,0.0,1.7449141215334631,-0.36459052874595077,0.0,0.0,0.0,0.0,0.0,0.0,0.8169776616066342,0.0,0.0,0.0,0.0,0.013840273546110534
stagger_1,AMD,0.0,0.0,0.0,0.0,0.0,1.7601711292211255,2.1608525230278093,0.0,0.0,0.0,0.0,0.0,0.0,0.0,0.0,0.0,2.861726748182427,0.0,0.004429931858735931
stagger_1,LLY,0.0,0.0,0.0,0.0,0.0,0.0,0.4170015628660219,0.0,0.0,0.0,0.0,0.0,1.3772467556854568,0.0,0.0,0.0,0.7570729509332301,0.0,0.019312069003341842
stagger_1,WELL,0.0,0.0,0.0,0.0,0.0,1.2466373290781438,0.3689614180293822,0.0,-0.47230487565837537,0.0,0.0,0.0,0.0,0.0,-0.7639716732674441,0.90291019198385,-0.8783909061540613,0.0,0.017020376005045197
stagger_1,NOK,0.0,0.0,0.0,0.0,0.3739469675762439,0.0,0.9715923031627136,0.0,0.0,0.0,0.3927156818832379,0.0,0.0,0.0,0.0,0.0,1.52759954764984,0.0,0.005015753044148523
stagger_1,MSFT,0.0,0.0,0.0,0.0,0.0,0.0,1.3538791814687876,0.0,0.0,0.0,0.0,0.0,0.0,-0.5828442333113846,0.0,0.0,0.3887026210595037,0.0,-0.006291565832061016
stagger_1,GOOGL,0.0,0.0,0.0,0.0,0.0,1.0817904435099075,1.1343306741130657,0.6948220826963196,0.0,0.0,0.0,0.0,0.0,0.0,-0.7140092044003761,-0.7028839564561626,0.0,0.0,0.005905375333404469
stagger_1,COST,0.0,0.0,0.0,0.0,0.0,0.8221830471242044,0.46239970445581924,0.0,0.46349428859694647,0.5982102529770591,0.0,-0.3547314557284417,0.0,0.0,0.0,0.0,0.0,0.0,0.006949986615657543
stagger_1,HD,0.0,0.0,0.0,0.0,0.0,0.888965521308846,0.7244146827660205,0.0,0.6540203149657668,0.0,0.0,0.0,0.0,0.6224071681370185,0.0,0.0,0.0,0.0,-0.006014071862436691
stagger_1,KO,0.0,0.0,0.0,0.0,0.0,0.9641717742891176,0.06964402355540883,-0.3069162634004273,-0.3237377237247043,0.8927285519863146,0.0,0.0,0.0,0.0,-0.23161547419672274,0.0,0.0,0.0,0.009700601330059754
stagger_1,JNJ,0.0,0.0,0.0,0.0,0.0,0.5952557183952248,-0.08638707172494127,0.0,0.0,0.3110115353858298,0.0,0.0,1.0026927568096276,0.0,0.0,0.0,0.0,0.0,0.012800700633102981
stagger_1,BRK-B,0.0,0.0,0.0,0.0,0.0,0.5832712543072269,0.20650948207096848,0.0,0.0,0.26530344125270505,0.0,0.48125522354752176,0.2477041001531933,0.0,0.0,0.0,0.0,0.0,0.007842350353443136
