stagger,ticker,stage,retained,observations,residual_std
stagger_1,VST,Original,False,80,0.11635617827528104
stagger_1,VST,Home FX,False,80,0.11635617827528104
stagger_1,VST,AUD,False,80,0.11635617827528104
stagger_1,VST,SPY,True,80,0.10766040051481651
stagger_1,VST,Primary sector,True,80,0.10275583878785009
stagger_1,VST,Additional sectors,True,80,0.09651075595092015
stagger_1,VIST,Original,False,80,0.12201349501121764
stagger_1,VIST,Home FX,True,80,0.12198629758764164
stagger_1,VIST,AUD,False,80,0.12198629758764164
stagger_1,VIST,SPY,True,80,0.12191068642297107
stagger_1,VIST,Primary sector,True,80,0.10336149336693906
stagger_1,VIST,Additional sectors,True,80,0.09896920244928639
stagger_1,AEP,Original,False,80,0.05623642713755416
stagger_1,AEP,Home FX,False,80,0.05623642713755416
stagger_1,AEP,AUD,True,80,0.05289793670767548
stagger_1,AEP,SPY,True,80,0.052768470030904305
stagger_1,AEP,Primary sector,True,80,0.03371647529277871
stagger_1,AEP,Additional sectors,True,80,0.03184357058468803
stagger_1,ETR,Original,False,80,0.0531769296120409
stagger_1,ETR,Home FX,False,80,0.0531769296120409
stagger_1,ETR,AUD,False,80,0.0531769296120409
stagger_1,ETR,SPY,True,80,0.05115608148782624
stagger_1,ETR,Primary sector,True,80,0.03296280871729728
stagger_1,ETR,Additional sectors,False,80,0.03296280871729728
stagger_1,DIS,Original,False,80,0.08296974128469974
stagger_1,DIS,Home FX,False,80,0.08296974128469974
stagger_1,DIS,AUD,True,80,0.08030311854831289
stagger_1,DIS,SPY,True,80,0.06726772029795373
stagger_1,DIS,Primary sector,True,80,0.06591344799017784
stagger_1,DIS,Additional sectors,True,80,0.06100171781989208
stagger_1,CMG,Original,False,80,0.10238509843338012
stagger_1,CMG,Home FX,False,80,0.10238509843338012
stagger_1,CMG,AUD,True,80,0.0997807513030782
stagger_1,CMG,SPY,True,80,0.09609414528008911
stagger_1,CMG,Primary sector,True,80,0.0948087982605766
stagger_1,CMG,Additional sectors,True,80,0.0919031254653733
stagger_1,AMZN,Original,False,80,0.09176942715815543
stagger_1,AMZN,Home FX,False,80,0.09176942715815543
stagger_1,AMZN,AUD,False,80,0.09176942715815543
stagger_1,AMZN,SPY,True,80,0.06361702727868086
stagger_1,AMZN,Primary sector,True,80,0.05562601944984344
stagger_1,AMZN,Additional sectors,True,80,0.04607541145322084
stagger_1,FIX,Original,False,80,0.11786051119435806
stagger_1,FIX,Home FX,False,80,0.11786051119435806
stagger_1,FIX,AUD,True,80,0.11268192822208685
stagger_1,FIX,SPY,True,80,0.10215757593846711
stagger_1,FIX,Primary sector,True,80,0.10018869930626285
stagger_1,FIX,Additional sectors,True,80,0.08974340090295516
stagger_1,STX,Original,False,80,0.17162493437859552
stagger_1,STX,Home FX,True,80,0.1656140085604481
stagger_1,STX,AUD,False,80,0.1656140085604481
stagger_1,STX,SPY,True,80,0.1417584894469146
stagger_1,STX,Primary sector,True,80,0.11584922296546582
stagger_1,STX,Additional sectors,True,80,0.11176936099669235
stagger_1,VLO,Original,False,80,0.10996602419102587
stagger_1,VLO,Home FX,False,80,0.10996602419102587
stagger_1,VLO,AUD,False,80,0.10996602419102587
stagger_1,VLO,SPY,True,80,0.10992206381147213
stagger_1,VLO,Primary sector,True,80,0.06894624284105477
stagger_1,VLO,Additional sectors,False,80,0.06894624284105477
stagger_1,CF,Original,False,80,0.10615903295420749
stagger_1,CF,Home FX,False,80,0.10615903295420749
stagger_1,CF,AUD,False,80,0.10615903295420749
stagger_1,CF,SPY,True,80,0.10378128905561337
stagger_1,CF,Primary sector,True,80,0.10162863871235812
stagger_1,CF,Additional sectors,True,80,0.08142068613116343
stagger_1,NTR,Original,False,80,0.07425000691822159
stagger_1,NTR,Home FX,True,80,0.0733079277103352
stagger_1,NTR,AUD,True,80,0.06879158720774418
stagger_1,NTR,SPY,True,80,0.06761405058687264
stagger_1,NTR,Primary sector,True,80,0.06529838474809166
stagger_1,NTR,Additional sectors,True,80,0.06268527746523617
stagger_1,LNN,Original,False,80,0.0747298991048371
stagger_1,LNN,Home FX,False,80,0.0747298991048371
stagger_1,LNN,AUD,True,80,0.07071951913629038
stagger_1,LNN,SPY,True,80,0.0704124425301678
stagger_1,LNN,Primary sector,True,80,0.06562543032707972
stagger_1,LNN,Additional sectors,False,80,0.06562543032707972
stagger_1,WDC,Original,False,80,0.18193680977020193
stagger_1,WDC,Home FX,False,80,0.18193680977020193
stagger_1,WDC,AUD,True,80,0.17706714457204703
stagger_1,WDC,SPY,True,80,0.16470279518710548
stagger_1,WDC,Primary sector,True,80,0.1418876269660152
stagger_1,WDC,Additional sectors,True,80,0.1291979611583643
stagger_1,ASND,Original,False,80,0.10394601612730757
stagger_1,ASND,Home FX,True,80,0.10291605318715742
stagger_1,ASND,AUD,False,80,0.10291605318715742
stagger_1,ASND,SPY,True,80,0.10216174365037914
stagger_1,ASND,Primary sector,True,80,0.10155092442794064
stagger_1,ASND,Additional sectors,False,80,0.10155092442794064
stagger_1,DOCN,Original,False,70,0.20717600126960126
stagger_1,DOCN,Home FX,False,70,0.20717600126960126
stagger_1,DOCN,AUD,False,70,0.20717600126960126
stagger_1,DOCN,SPY,True,70,0.1960788933964216
stagger_1,DOCN,Primary sector,True,70,0.1779766407699308
stagger_1,DOCN,Additional sectors,True,70,0.1681759690446617
stagger_1,CME,Original,False,80,0.057768998792666205
stagger_1,CME,Home FX,False,80,0.057768998792666205
stagger_1,CME,AUD,True,80,0.0557582495722434
stagger_1,CME,SPY,True,80,0.055725103833616285
stagger_1,CME,Primary sector,True,80,0.055363390001205756
stagger_1,CME,Additional sectors,True,80,0.05121751153271043
stagger_1,NET,Original,False,80,0.15051815806508498
stagger_1,NET,Home FX,False,80,0.15051815806508498
stagger_1,NET,AUD,False,80,0.15051815806508498
stagger_1,NET,SPY,True,80,0.13904765921981
stagger_1,NET,Primary sector,True,80,0.13894969395243661
stagger_1,NET,Additional sectors,True,80,0.12497591698389895
stagger_1,MRNA,Original,False,80,0.1897742974918067
stagger_1,MRNA,Home FX,False,80,0.1897742974918067
stagger_1,MRNA,AUD,True,80,0.18041517339259658
stagger_1,MRNA,SPY,True,80,0.18041372457837931
stagger_1,MRNA,Primary sector,True,80,0.1793382045142316
stagger_1,MRNA,Additional sectors,False,80,0.1793382045142316
stagger_1,AXON,Original,False,80,0.13311975471115167
stagger_1,AXON,Home FX,False,80,0.13311975471115167
stagger_1,AXON,AUD,False,80,0.13311975471115167
stagger_1,AXON,SPY,True,80,0.12713864653421844
stagger_1,AXON,Primary sector,True,80,0.11997091193118761
stagger_1,AXON,Additional sectors,True,80,0.11695825485623851
stagger_1,NFLX,Original,False,80,0.11471915265130128
stagger_1,NFLX,Home FX,False,80,0.11471915265130128
stagger_1,NFLX,AUD,False,80,0.11471915265130128
stagger_1,NFLX,SPY,True,80,0.10613229995153027
stagger_1,NFLX,Primary sector,True,80,0.10135538126919878
stagger_1,NFLX,Additional sectors,True,80,0.09464079136441438
stagger_1,CMCSA,Original,False,80,0.07107337097998348
stagger_1,CMCSA,Home FX,False,80,0.07107337097998348
stagger_1,CMCSA,AUD,True,80,0.0640751518404472
stagger_1,CMCSA,SPY,True,80,0.06387957806755931
stagger_1,CMCSA,Primary sector,True,80,0.05663380989070323
stagger_1,CMCSA,Additional sectors,True,80,0.05169471143174609
stagger_1,MU,Original,False,80,0.18396481575934684
stagger_1,MU,Home FX,False,80,0.18396481575934684
stagger_1,MU,AUD,True,80,0.17805967931036232
stagger_1,MU,SPY,True,80,0.1664557628255255
stagger_1,MU,Primary sector,True,80,0.1442290158581895
stagger_1,MU,Additional sectors,True,80,0.13860238559182037
stagger_1,NEM,Original,False,80,0.12480984909308546
stagger_1,NEM,Home FX,False,80,0.12480984909308546
stagger_1,NEM,AUD,True,80,0.09887198175845954
stagger_1,NEM,SPY,True,80,0.09877987685868463
stagger_1,NEM,Primary sector,True,80,0.09693601288609921
stagger_1,NEM,Additional sectors,False,80,0.09693601288609921
stagger_1,PGR,Original,False,80,0.054196641833513526
stagger_1,PGR,Home FX,False,80,0.054196641833513526
stagger_1,PGR,AUD,False,80,0.054196641833513526
stagger_1,PGR,SPY,True,80,0.053288417721858536
stagger_1,PGR,Primary sector,True,80,0.05059723977533602
stagger_1,PGR,Additional sectors,True,80,0.047288019219769634
stagger_1,ORKA,Original,False,80,0.20156942180924672
stagger_1,ORKA,Home FX,False,80,0.20156942180924672
stagger_1,ORKA,AUD,False,80,0.20156942180924672
stagger_1,ORKA,SPY,True,80,0.20131302607173804
stagger_1,ORKA,Primary sector,True,80,0.1996241900882427
stagger_1,ORKA,Additional sectors,True,80,0.19285235779744783
stagger_1,UPST,Original,False,73,0.278519628063426
stagger_1,UPST,Home FX,False,73,0.278519628063426
stagger_1,UPST,AUD,False,73,0.278519628063426
stagger_1,UPST,SPY,True,73,0.25559611376273
stagger_1,UPST,Primary sector,True,73,0.24909510074803265
stagger_1,UPST,Additional sectors,True,73,0.2409654415271451
stagger_1,PG,Original,False,80,0.05212580902628876
stagger_1,PG,Home FX,False,80,0.05212580902628876
stagger_1,PG,AUD,True,80,0.048636669053146876
stagger_1,PG,SPY,True,80,0.04700285937713507
stagger_1,PG,Primary sector,True,80,0.03566320845218629
stagger_1,PG,Additional sectors,True,80,0.03341787973835814
stagger_1,F,Original,False,80,0.1042902977494874
stagger_1,F,Home FX,False,80,0.1042902977494874
stagger_1,F,AUD,True,80,0.09428959377761371
stagger_1,F,SPY,True,80,0.08725132189971445
stagger_1,F,Primary sector,True,80,0.08613832772545395
stagger_1,F,Additional sectors,False,80,0.08613832772545395
stagger_1,HPE,Original,False,80,0.11685639426576476
stagger_1,HPE,Home FX,False,80,0.11685639426576476
stagger_1,HPE,AUD,False,80,0.11685639426576476
stagger_1,HPE,SPY,True,80,0.10440500950097235
stagger_1,HPE,Primary sector,True,80,0.09623582982291443
stagger_1,HPE,Additional sectors,True,80,0.08102172557713551
stagger_1,BA,Original,False,80,0.09620721338628091
stagger_1,BA,Home FX,False,80,0.09620721338628091
stagger_1,BA,AUD,True,80,0.08528300255642463
stagger_1,BA,SPY,True,80,0.08097818984428802
stagger_1,BA,Primary sector,True,80,0.08029753654548294
stagger_1,BA,Additional sectors,True,80,0.07721379462288652
stagger_1,HII,Original,False,80,0.0944203699983692
stagger_1,HII,Home FX,False,80,0.0944203699983692
stagger_1,HII,AUD,True,80,0.08625615306310037
stagger_1,HII,SPY,True,80,0.08496140631950509
stagger_1,HII,Primary sector,True,80,0.08164726565426049
stagger_1,HII,Additional sectors,False,80,0.08164726565426049
stagger_1,AMD,Original,False,80,0.16906010261729046
stagger_1,AMD,Home FX,False,80,0.16906010261729046
stagger_1,AMD,AUD,True,80,0.16456101554099464
stagger_1,AMD,SPY,True,80,0.13890026636610736
stagger_1,AMD,Primary sector,True,80,0.10367561529325793
stagger_1,AMD,Additional sectors,False,80,0.10367561529325793
stagger_1,LLY,Original,False,80,0.08963809486850667
stagger_1,LLY,Home FX,False,80,0.08963809486850667
stagger_1,LLY,AUD,False,80,0.08963809486850667
stagger_1,LLY,SPY,True,80,0.08800561476748736
stagger_1,LLY,Primary sector,True,80,0.07359830597145149
stagger_1,LLY,Additional sectors,True,80,0.06941681171675929
stagger_1,WELL,Original,False,80,0.07264530586459902
stagger_1,WELL,Home FX,False,80,0.07264530586459902
stagger_1,WELL,AUD,True,80,0.06726381802838591
stagger_1,WELL,SPY,True,80,0.06555448634503905
stagger_1,WELL,Primary sector,True,80,0.05726990833307788
stagger_1,WELL,Additional sectors,True,80,0.049190051587749015
stagger_1,NOK,Original,False,80,0.1329848074204879
stagger_1,NOK,Home FX,True,80,0.13279483506982578
stagger_1,NOK,AUD,False,80,0.13279483506982578
stagger_1,NOK,SPY,True,80,0.12672867609253827
stagger_1,NOK,Primary sector,True,80,0.11672785627057894
stagger_1,NOK,Additional sectors,True,80,0.11327863700273144
stagger_1,MSFT,Original,False,80,0.08170846693629456
stagger_1,MSFT,Home FX,False,80,0.08170846693629456
stagger_1,MSFT,AUD,False,80,0.08170846693629456
stagger_1,MSFT,SPY,True,80,0.06016117403366086
stagger_1,MSFT,Primary sector,True,80,0.05883642154314191
stagger_1,MSFT,Additional sectors,True,80,0.056397643353761184
stagger_1,GOOGL,Original,False,80,0.09479129874837157
stagger_1,GOOGL,Home FX,False,80,0.09479129874837157
stagger_1,GOOGL,AUD,True,80,0.09175199015937006
stagger_1,GOOGL,SPY,True,80,0.07919953316785591
stagger_1,GOOGL,Primary sector,True,80,0.07671087097128049
stagger_1,GOOGL,Additional sectors,True,80,0.06289885819700786
stagger_1,COST,Original,False,80,0.05847979202768094
stagger_1,COST,Home FX,False,80,0.05847979202768094
stagger_1,COST,AUD,True,80,0.05560926805080156
stagger_1,COST,SPY,True,80,0.052304973944610735
stagger_1,COST,Primary sector,True,80,0.04870251486570648
stagger_1,COST,Additional sectors,True,80,0.04539921704303069
stagger_1,HD,Original,False,80,0.07132583232999339
stagger_1,HD,Home FX,False,80,0.07132583232999339
stagger_1,HD,AUD,True,80,0.06858947538824466
stagger_1,HD,SPY,True,80,0.06188163867321009
stagger_1,HD,Primary sector,True,80,0.05880588532955396
stagger_1,HD,Additional sectors,True,80,0.056014772999352584
stagger_1,KO,Original,False,80,0.047612609554724065
stagger_1,KO,Home FX,False,80,0.047612609554724065
stagger_1,KO,AUD,True,80,0.042621388891974185
stagger_1,KO,SPY,True,80,0.04252639039232665
stagger_1,KO,Primary sector,True,80,0.03159308618905749
stagger_1,KO,Additional sectors,True,80,0.026844909531589727
stagger_1,JNJ,Original,False,80,0.053056922912635834
stagger_1,JNJ,Home FX,False,80,0.053056922912635834
stagger_1,JNJ,AUD,True,80,0.051413759075942665
stagger_1,JNJ,SPY,True,80,0.05129258140102955
stagger_1,JNJ,Primary sector,True,80,0.037374301874239936
stagger_1,JNJ,Additional sectors,True,80,0.03603447107941939
stagger_1,BRK-B,Original,False,80,0.04164086491209018
stagger_1,BRK-B,Home FX,False,80,0.04164086491209018
stagger_1,BRK-B,AUD,True,80,0.039612395344573094
stagger_1,BRK-B,SPY,True,80,0.03870426497377597
stagger_1,BRK-B,Primary sector,True,80,0.035854347107859695
stagger_1,BRK-B,Additional sectors,True,80,0.03271371583313965
