date,VST,VIST,AEP,ETR,DIS,CMG,AMZN,FIX,STX,VLO,CF,NTR,LNN,WDC,ASND,DOCN,CME,NET,MRNA,AXON,NFLX,CMCSA,MU,NEM,PGR,ORKA,UPST,PG,F,HPE,BA,HII,AMD,LLY,WELL,NOK,MSFT,GOOGL,COST,HD,KO,JNJ,BRK-B
2020-07-20,-0.03198374375200569,0.07373271858630764,0.022194071902657066,0.009349232658784581,0.00534703989981384,0.009353091987247888,0.031220052116762945,-0.07167704105393398,-0.016929715221180894,-0.013471846681537577,0.02023172342937407,-0.04235812202916936,0.06250613014597098,0.004964320360783727,-0.08003596118038869,,-0.00987811651103905,-0.04651486612537897,0.044208902017403885,-0.13580641716876865,0.00266411349467636,0.020177493119259485,0.002005636222026548,-0.023610473591530335,0.027382802560302944,0.006780960183045033,,0.0002564206669343325,0.011186928462037263,-0.01506953267796781,-0.04290768168514157,-0.018830707435042417,0.16015901035670194,-0.05143314793188365,-0.018265538435395443,-0.0032827904799380145,-0.010439768412294756,0.003987768853259133,-0.007584093300433235,0.0015212801395507562,0.020628803610601015,-0.012048989808080604,0.013950296142573674
2020-08-17,-0.02968615708356947,-0.1115401774006712,-0.05269090318984172,-0.019485742243326214,0.023535845909402053,0.018126631955849844,-0.018779541340868358,0.022210217663554,-0.17223139302925816,-0.02820528990139163,0.05993512451660124,0.07652769776050437,-0.0016342195001920268,-0.27536331624725924,-0.008301920971151141,,0.002382936246906161,-0.009562942690305682,-0.06715529409090018,-0.07778263711849084,-0.020738228971998836,-0.015533627303570597,-0.21172637133301153,-0.04098824711682727,0.019418292441656,-0.13989483528577387,,0.022185404104476072,-0.06713557989131971,-0.04658453426236782,-0.06414991439976511,-0.08114792378556289,-0.03457727330376573,-0.07084376516453582,0.02677744613702247,0.028039636330656807,-0.0077040281194128805,-0.04851044823758403,-0.013923321007595921,0.0012627481067701823,-0.03565302741582339,0.007244019663483548,0.029123414592958717
2020-09-14,-0.023774425623504382,-0.1244219470744533,-0.0030181770751341735,-0.0157966529394442,0.017256495729314383,-0.035876998448627385,-0.012594530618124128,-0.02455361399822014,0.08927154270491702,-0.0010786857046108517,0.01442391308169396,0.030166480863332946,-0.04764536555840224,0.005027542019604966,0.020899604226627386,,-0.012375751446070107,-0.014581474615530797,0.012619788786161233,-0.047014962579422184,0.015339571854270501,0.04552233911867093,0.11749902473422709,-0.07210059611816591,0.015845909564843743,-0.07708947864305105,,-0.010908169141024602,0.03433416456139384,0.037219194429436275,-0.05228940423223203,-0.08385247284997052,-0.022613936398387394,0.016206304199256363,0.0013160889144053084,-0.06168122350111983,0.007987102143572022,-0.0037803334758190962,-0.021583676755966678,-0.029693274310978107,0.03819007172266123,-0.025177573190877094,0.011301791919289709
2020-10-12,-0.04751626888062128,0.0011557778571688472,0.04867308659049232,0.0035295432793041107,0.003491921901598383,0.03697746068554936,0.004999820896407872,-0.018800790781037673,-0.03228416644080003,-0.05744274372108249,-0.038295514445135743,0.02614402439597778,0.06837804772692826,-0.019249298879060274,0.03223186573283179,,0.004955029891638269,0.23067578818247583,0.08346605529591494,0.1193943972577375,0.008200861138672202,0.04924780923538064,-0.02875752550082384,0.03688946841539545,-0.0162448419831045,-0.16243609781058638,,0.013057149317953938,0.04063295418073618,-0.03047044155648136,0.026156841427539414,0.02655878874950826,0.005864409054171692,-0.06740323891363047,-0.02012716144341961,-0.02306916345933168,0.015210080750799186,0.014171897820621568,0.04972182955773373,0.023080698385439153,-0.011274307682898723,-0.008499416829748096,-0.016681015177327986
2020-11-09,-0.0058678014776198766,-0.03467458371610621,-0.03536050504521983,-0.006474378484842145,0.01850039297260802,-0.03290291076716266,-0.020316080808196184,-0.10805350676472213,0.003051047550639934,0.04764196768064962,-0.0191278940770582,-0.01517406421819803,0.024958020774553714,0.017941569744778767,0.0058023562643115655,,-0.028711903742679436,0.018404082820493745,0.07419010464170556,0.02667474877128691,-0.06961154889868408,-0.0014145036373462393,0.033656759779481404,-0.033812455539319726,-0.036138398772748756,-0.012218546430491757,,-0.005830101493915586,0.02735183068334371,0.009897350589819186,0.045192159439249785,0.02172689477205298,-0.005610717501593546,-0.03689739803577202,0.046972309764509175,-0.03868680110651509,-0.010115745800337516,0.03672423048025365,-0.014650048900173764,-0.03829354927548888,0.016243774171596875,-0.024978925467647194,0.004029307514315855
2020-12-07,-0.04908209873072028,-0.03511082466192429,-0.02470227721321548,-0.009814868557301362,0.09560957086895139,0.028307631537137994,-0.013777676281017944,-0.0897885478420019,0.0006770007232978006,-0.046490061476354747,0.03527601207504896,0.023051350947092666,-0.010412754744944023,0.019954750271886014,0.02694637922396175,,0.015949335530214125,0.06485456415947007,0.27846343476224683,-0.023613395171008997,0.04020507866888913,-0.03976731551006762,0.03229255096947944,-0.15526075742039214,-0.024736431154930114,0.04469389878442781,,-0.029056431317586163,-0.025940716019651627,0.025508682988286804,0.10010491869326388,-0.002447440397318119,0.0074536578164276605,0.0600156614578633,-0.035419081974868656,-0.01762853637631751,-0.013899811052467586,-0.06769262470897826,-0.012192323821350708,-0.05294563369463012,-0.01441770280699442,0.003319458996373116,-0.030164643565740022
2021-01-04,0.06860378902903887,-0.0406332719073461,-0.03250000081797532,-0.05626858389720864,-0.01782993116052962,0.0033991047728643958,-0.01752682446432334,-0.011249601692232991,-0.12656491968629552,-0.03806964725538681,0.012195418108221445,-0.006933407081407891,0.10026635913729162,-0.050841459713373054,-0.05893661490969959,,0.05928138666102313,-0.11815607489682659,-0.25178260867629,-0.02008358980746642,0.017498934273447956,0.008979161165703305,-0.005908886290714302,-0.05373483221152852,0.0035894764009273897,-0.0786302330410967,,-0.002746317321216072,-0.07275580072803296,-0.10531198781766274,-0.09883581173994724,-0.052200165482400085,-0.057807429825039745,-0.027774193472987957,-0.019454764793033055,-0.04153692229950178,-0.01955161016107855,-0.029333708715446973,-0.03669678527140512,-0.023855431491490026,-0.036804306020618315,-0.010062493902440326,-0.020490670756682677
2021-02-01,-0.041991396740138985,-0.05572285146467998,0.002307092042211703,-0.011852695625003688,0.008140302934201791,0.05373968989824255,-0.00738893687886279,0.016541416807322858,0.05217561356553993,0.013135965365142086,-0.0077420431909344285,0.04538548337704024,0.05592049627005877,0.06921577166153614,-0.059112490050725906,,-0.020339471399086696,-0.007957018105979433,0.3154321142689386,0.20375376173425713,0.0019305091194061104,-0.002810173907615966,0.004356472196398576,0.010621632680887012,-0.04295552204083741,0.06704208574447182,0.22178529203379185,-0.013352879664349605,0.16154443633241938,0.08629434864766622,0.02456679422107264,0.006176451553757478,-0.06642692791029457,0.10792001720257656,-0.036255314416787095,0.021693218475137954,0.03976714777800624,0.07035642237132703,-0.02231583128179386,0.036201677558202486,0.0023328531309513905,0.03196115414352019,0.013328333290579513
2021-03-01,-0.09096665962900326,-0.12395747626717243,0.010840164603391208,-0.014801010785717592,-0.00901191582339865,-0.01283298682550315,0.008102972475788383,0.08784856795192705,0.04552512187542223,-0.004149563453246241,-0.04554297235308355,-0.0529274069341069,-0.0018235855278321,0.014609473036548845,-0.018738308419801876,,0.046124501517932626,-0.13936411921957034,-0.18680406530155305,-0.14368756434024368,-0.002464516483760143,-0.00920979307787266,0.011577484346400137,-0.07799952573715713,-0.019181412600706552,-0.06550378495804515,-0.30313633917443383,0.0065922114023129474,0.04669043744129756,-0.003358352362005365,0.057519900889320755,0.020899119128498365,-0.019841766746348855,0.03351783280159793,0.0222483153761332,-0.06205714294928136,0.015709620160380217,-0.013328058697359825,-0.03533750955251453,-0.04807215579338428,0.00207654497968351,-0.031124091741434563,0.011350754342545559
2021-03-29,-0.06322713634343201,-0.02174208692843708,0.004840867463645392,0.01682895480268086,0.0027884834593418324,0.020407572797652544,-0.014514719619820288,0.019063107124342542,0.011965225765444919,-0.010493605753023744,-0.016724996463902044,0.01041731470553793,0.02838764790276778,0.00041187774616808365,-0.08417563894812351,,-0.026394647322316927,-0.004092722310652344,0.023690553528581827,-0.07030187277967812,-0.0015280961581858946,0.025511918634580716,0.02168482386069466,0.059975887204231346,0.017051119040014495,-0.11096445388805476,0.6315466214955232,0.011966048295979605,-0.024537815090205292,0.0536429461057258,0.0646264881344249,0.06224735659543249,-0.005928326560942877,-0.10010633134102481,-0.014286890127846492,0.018682940796654668,0.004022632564411563,0.027842599130912866,0.029431474278314388,0.09577366472591568,0.009216140524952558,0.008238846529840999,-3.7893723424378342e-06
2021-04-26,-0.06934899316196079,-0.002354028571862168,-0.01259262473102929,0.025872871572731528,-0.030302225818256097,-0.00863759773440509,0.025786645750451507,0.004488200000110448,0.05979108019316499,-0.007522080414946987,0.03422819085217217,-0.008347034223352144,-0.012923075795877913,-0.02837639586854658,0.03711311550100199,0.016011839282141435,-0.020435097250479126,0.05565824351991587,0.1628430686663657,-0.0010594962922553918,-0.05429357345138331,0.009010964050827824,-0.06922100982319145,-0.03928199343748745,0.011973926022877581,-0.06724833132313866,-0.19587827309534925,-0.020530839444788535,-0.07716008871901148,0.008797452844422331,-0.0816967708316303,0.009821667594979756,-0.02019622473441675,-0.04277503133283243,-0.04589642315559436,0.10012920021905437,0.00029719025621148315,0.0374363291485366,0.0015825113916190874,0.007591910019482101,0.003048996765808545,-0.029587708849073722,0.01295789716522985
2021-05-24,-0.02168002645300137,0.1432406015969378,-0.0011095096655034473,-0.01195314516749968,-0.027285686582601783,-0.03389489288725084,0.0009231255234057184,-0.0194426521948634,0.002887178812381759,0.012069852282191477,0.02286083429043683,0.04013428184545375,-0.01612788828358927,0.012360685994156587,-0.06559426712083456,-0.018970996704331645,0.03864870884841421,-0.0035721736553178673,0.01659634288211381,-0.06375412337012405,0.01115300529737181,0.0051120854936912066,-0.05040543261230081,0.06766243819829326,-0.03840706430226543,-0.0052884943975882535,0.19472205562329709,0.0005257492643811761,0.14832206459430908,-0.029112608745257413,0.032783722819953204,-0.011645417429662894,0.003440077791695355,0.035365331328019306,-0.022321369394834388,0.06030068431297369,0.007966232302355046,0.012667355363938643,0.012710315197546127,-0.0036798893554819308,-0.0022755928186986556,0.004468942666642811,0.006773687509522383
2021-06-21,0.07883780706274168,-0.006385651316789664,-0.009125940467235985,-0.024122735264811068,0.029038013738803867,0.08123560566661503,-0.015245844593713682,-0.04266278984697072,-0.12227438710594672,-0.04720688433859759,-0.049870890755580204,0.012263854870025237,0.024130908501735226,-0.049029104256542944,0.02653629653618724,0.04611808197617361,-0.00433911695348975,0.08166670302035109,0.14699411908329973,0.1387019890536332,0.014926310533417142,0.003812745943906872,-0.05814601345582954,-0.04527055902373595,-0.004349338337262183,0.010777992845502845,-0.053405825411657795,0.025791615709977057,0.038504674524708835,-0.05427085875064727,0.04590376625051375,0.027420248406346805,-0.008427087645202655,0.04701539682897017,0.037360851150890204,-0.010302205496087733,0.005876641523488279,-0.002904277354112474,0.01686149320659936,0.010603762351609968,0.0022349704606475264,-0.025966367373254223,-0.013121859857869074
2021-07-19,0.0030428833880417096,0.11106420053428136,0.002722486505755453,-0.016403000612090823,0.0294311159444432,0.10286133143604533,0.016723750969627808,-0.06850434877983409,-0.023866136307391324,-0.0722583281426254,0.02815690492201596,0.039740831265417845,0.02116475344148784,-0.08531697448899056,-0.13786534224481298,0.058688059455086115,-0.0033771777144957285,0.07825081408209782,0.3471253986882575,0.02552075056761829,-0.05226387513637117,0.07236337647017081,-0.09543746258549583,0.03504151845909243,-0.014592162644891046,-0.13647273894288772,0.0456161300798295,0.01537330267377882,-0.04108270962735132,-0.004480926456192913,-0.06982826249955507,0.007376047130279998,0.00029607847144551974,-0.023888870446015453,0.01689556139961181,0.03557707775744583,0.025482699476620407,0.03739862731268713,0.029910084481786836,0.053090367076671884,0.03202564830750106,0.009252812626345249,0.00757961587612509
2021-08-16,-0.06278972240383299,0.043500950365848126,0.01781284761453105,0.03153618752136631,0.03095135602053497,0.040800270309620496,-0.05002403805946297,0.019080342663700987,0.03234465481978019,0.009017771843583475,-0.002901057167442711,0.028688243459801824,0.06315930437073418,0.010348641408494536,0.016047770759924945,0.017998154720706858,-0.02749451276579275,0.06179611385263273,0.11216353758591883,0.03585220679567091,0.021048038470717536,0.06652618953964472,-0.06603388730305235,0.008439412272158265,-0.006456485773970996,-0.055428315276091114,0.3674255590802546,0.024209854399358452,-0.01519184202932776,-0.0009917991722671587,0.0056168367860185316,0.03229408534338325,0.11023052212118845,0.024694645654184454,-0.02506589981352238,0.0327656408944364,0.02619427081211395,0.05640190236103771,0.07301383452616891,0.034792350688006415,-0.008275500075144031,0.007129511271696175,0.002650246254263193
2021-09-13,-0.007945737418273157,-0.02418207320490718,-0.04249343698589632,0.0036580620143373127,0.021600983533698964,-0.007806704949127424,0.013813771120805556,-0.0902145972574694,-0.10740414483167662,-0.006172067182328562,0.0009919452466669934,0.011386400725163065,-0.0424528746199551,-0.054278794843250835,0.19484438607459875,0.2651824093876007,-0.04965657047208209,-0.028120709985777058,0.053690451680218854,-0.06763667133130286,0.08197826862498454,-0.0477266809548018,0.02261426818434107,-0.06352609849682161,-0.03397555494997083,0.02586163469473278,0.3148728262797533,0.004586756610041838,0.007127600684108431,-0.05508030163881327,-0.005667078082608742,-0.04768292299038627,-0.03516307087894183,-0.10607861092785191,-0.022793636452554597,-0.06450634693942059,-0.012854465318717482,-0.018818681421398573,-0.025513935158343957,-0.0003443928921027812,-0.024564374081317786,-0.053670555247824915,-0.027069314673548575
2021-10-11,0.02495646789410185,0.09714860390154273,-0.008406255969051687,-0.061766392671011916,-0.05204727584884128,-0.016020659068567988,-0.02373484006409664,0.04923138595266448,-0.06445733000940675,-0.01575508383476,-0.002146403938588032,0.021924559104454535,0.006390054025106192,-0.10158190892376712,0.00022292287821185086,-0.01819375608036259,0.05321041730460817,0.07085496256109307,-0.20197035240225295,-0.02724688196614784,0.08499054761956885,-0.0379149447688234,-0.08458380065727966,-0.042690318977073254,-0.03328710116602893,-0.170380868997763,0.0902891702334169,0.01122947256433234,0.06320360602600807,-0.03269499066093252,0.014394102582452165,0.012302331268962541,0.030649253386026306,0.044663816531034906,-0.021487511949444673,0.012082340336439672,0.015486455046725503,0.006773229175205382,-0.0250174404275968,0.001641054224616076,-0.013385293201867847,-0.003109523097925012,-0.00368185975896914
2021-11-08,-0.030684973929800748,-0.056516721067324235,0.002196445923259718,-0.014232867421795286,-0.05000120152170191,-0.0037728694144059712,-0.01989086091941457,0.09145386279982631,0.11058630694515195,-0.03278391484221417,0.038454291478450434,-0.022007390402015516,5.791137240298769e-06,0.015756382371456306,-0.03265904939956975,0.17743808433342667,0.03749765688341637,0.05687867199507554,-0.20689033746566568,-0.0839668121149655,0.05486376932150549,0.0336725076365136,0.06062436538655154,0.03635690551248003,0.025994083003390022,-0.14530933917344366,-0.2563010973921978,0.009126523790108467,0.13496955610555128,-0.07637728348917686,0.018273531565792374,-0.04200422567251963,0.13075392645747738,0.008349769171949812,0.020713325135685835,-0.058455728802457516,0.02916220367019668,0.04077527675810085,0.062138082929804134,0.0240533016333311,0.02701015279321252,-0.00362081030385637,-0.0005126426100380043
2021-12-06,0.011797226266021707,-0.035160058303689554,-0.01068681913549745,0.006868159119474703,0.023823898630984927,-0.04860928658135724,-0.030685808978143,-0.041029956939845874,-0.0870102790811899,-0.04810384108187812,-0.0353690431874665,0.04020911507974789,-0.013743898474218903,-0.05733721128293884,-0.07663438211386446,-0.3241729804356162,0.007387993824396012,-0.2753428680728608,0.1096502977034054,-0.12498333064993722,-0.06746198546844523,-0.0009111566499002081,0.003920570542578481,0.007855955331149671,-0.009453910348158087,-0.14745373026150643,-0.2731595552763287,0.038119571292926584,0.08678523945134552,-0.017964676743693637,-0.027483522207349877,0.004137945964466986,-0.11031746717510686,-0.08291702592683595,-0.02595774513770932,0.0054662556685834834,-0.00694586063492398,0.025925379598563995,0.03703365855356268,0.0987477703191226,-0.02172907797429625,-0.0019428038246549612,0.0129041903928087
2022-01-03,0.03982371684817929,-0.0888258630423272,0.028894499275124597,0.005191864481417001,0.01728205366080887,-0.027259458440989478,-0.005110193108239075,0.002905679052870258,0.07933807781298317,0.020038066347787868,0.02265020206056571,-0.041525419650225395,-0.0678241100373697,0.15768658770360588,-0.13596955476755582,-0.08183286238866479,-0.024585320091908475,-0.16412706411979097,-0.12940904242632092,0.0009183995017653388,-0.0702611774355214,0.0034067217215831974,0.11421942714551131,0.014011063934825742,0.05811075530569869,-0.10937388175758289,-0.24848493956317513,0.007067537826964886,0.09788127430632644,0.06980168341678707,0.04944537718945768,-0.00044902584990279965,0.05133191197771459,0.04499534729489754,-0.0034572202395869497,0.03653466117970035,-0.03132774775078944,-0.03723845033804569,-0.03870460250199801,-0.033438954508874644,0.010650626322250938,0.008602341912114292,0.03579091571199234
2022-01-31,-0.0037266191100082443,-0.0077943854988553486,-0.006755197144294605,0.002308467660392218,-0.017377501554872814,0.005138190215244684,0.030999831939280492,-0.08069270345158192,-0.05307215745278429,-0.044827472484051105,-0.0020685440302245575,0.01723606242404662,-0.03246523229712828,-0.13264089155341302,0.027773704714143466,-0.1920511779835254,0.04777108029159335,-0.0046939657601650035,-0.17988220488036188,0.05497946673153378,-0.13836919892424437,0.01733303030022236,-0.1424790828129155,0.027703621455242522,-0.0008999311129305196,-0.13088182734549098,-0.012524853350136023,0.026458845488181712,-0.1781236394407019,-0.059297456890276726,0.027113040862452628,-0.037816649721082264,-0.02199316223975619,-0.06656996146885649,-0.0749741431295205,-0.070606246789372,0.006082895506950969,0.04960110396491345,-0.0014907442653588343,-0.010078270694743234,-0.012434788165830442,-0.020880162424682186,-0.010114753096709821
2022-02-28,0.024531367636856573,0.10832910752813685,0.0010889719051984745,-0.017019504412391084,0.05337297501825328,0.0016317160522116795,0.02956448647711242,-0.056076752646804104,0.018903024565372014,-0.08484423168682328,0.07025265723555568,0.13003811084910846,0.029286545725882417,-0.07439741591157079,-0.08795356738726352,-0.05774748962951691,-0.052420184905896686,0.02518621572067576,-0.19279375004524582,-0.031176315103710044,-0.05423959204182059,-0.04452585428354132,-0.02980607965511827,0.03662471123292658,-0.00141925193197567,0.015647514284574053,0.3889495365136433,-0.04142658251984497,-0.06261908853740522,0.02898694645530592,-0.11601198130513364,0.051277592782643815,-0.06470576803088596,0.042709099233007336,0.008480124812287496,-0.09969731429564258,0.021349657320047254,-0.009844873702256722,-0.01712205231356693,-0.07636286606805046,-0.025677464542672595,-0.04847586935667163,0.018917874726741186
2022-03-28,-0.029926121850214385,0.054929113870226726,-0.016144867908120024,-0.005515505477798895,-0.04265561283179634,0.037351976872439206,0.03769565248673211,-0.03177622599294628,-0.1765971615527154,0.07984114092392819,0.019394832129071844,0.03357219751649628,0.07725168670950941,-0.07342258306518398,0.04856551779182816,0.0629859057864556,-0.02696244764184646,0.04235475257734192,0.15294549850646547,-0.03071198866420375,-0.02877542738609408,-0.009266510970444716,-0.11125760240005338,0.01612970631049117,0.043720258704465664,0.03051730399526407,-0.13411351205026428,-0.013600173584629206,-0.07708707180304239,-0.031131779004235794,0.005808556414778518,-0.06130359960321117,-0.07976846335509136,0.03290273944687552,0.04505002742799004,0.07464472764291956,-0.0028296690873186366,0.016056767729639317,0.02268972053528537,-0.08285240887616142,0.0025483897080729855,0.007252417223288593,0.03739997951600883
2022-04-25,0.11283652834811655,-0.06893269823423423,0.030626122075891986,0.02340344404722039,0.004338356179987585,0.015168899422897612,-0.0645929990106159,0.059357756519029914,0.09434218927518309,0.09933157530458239,-0.04796735245995348,-0.019394355680623802,-0.03919831566908478,0.21175652630413913,-0.1334805102618252,-0.2091421319647795,-0.06287422915864317,-0.11404462997192717,-0.0836246245454034,-0.1073448429492138,-0.3685554664388593,-0.008335938162535623,0.028371842245387097,0.011230090851925384,-0.052881675057937984,-0.05786545892495386,-0.0365639705162554,0.043391721990479054,0.0304481458630156,0.013509295978215707,-0.07046798587107607,0.06275766193933195,-0.01059544779371109,0.012396719990819736,0.01382205061231933,-0.003902015557226874,0.016820899736943867,0.030517865073136956,-0.0265902285144508,0.08987641290215671,0.008376881529486156,0.016005439827238885,-0.030639043390609914
2022-05-23,0.006396544750595243,-0.021139221359910046,0.008743277040397401,-0.027304960798059243,-0.009873727376901242,0.03499326061386436,0.005920601180140386,0.01354704403322285,-0.029266001739368414,-0.022318218188546096,-0.09444473072495643,-0.06673807671785749,-0.03368314679496671,0.08850732713151192,-0.04534985490058161,0.110904320873641,-0.08255479697073172,-0.31770980284543304,0.06969856893004121,-0.037384256930555984,-0.017737204139025034,0.06138810915333154,-0.018844363392029544,-0.06400880853574226,0.0847486761432718,0.020585720000826233,-0.27932774421375106,-0.010245787558332206,-0.011183474459392852,-0.05385729139290388,-0.05169745279413423,0.004797175961466504,0.14329698584045314,0.04084118901836181,-0.005382399755380938,-0.027736733824364382,-0.011909731193086377,-0.039917282358450525,-0.05774251679497529,0.0546024730966341,0.011770793842794228,-0.01196742792784115,-0.021506829164357172
2022-06-20,-0.020080686611204622,-0.1114399135014017,-0.03019398966313982,-0.020995958818771546,0.01216901373262807,-0.05528238221446001,0.01997884845260569,-0.04828417902888182,0.001532084294060626,0.0025952000283419874,0.01495097474617249,-0.057663625256322515,0.02113223230678054,-0.1537101305235847,0.039401066170582526,0.11037160965020285,0.07331583442703542,-0.012553994852393044,0.048895883434357405,-0.017657699783191923,0.05323662884222531,0.0004082407595601481,-0.11158755265709949,0.038725088533019675,-0.007001956660547152,-0.003698781426786771,0.05367275397243875,-0.021411301941680748,-0.027255499475611296,0.02883358987562444,0.08068090754300063,0.023699368334463775,-0.0601960212398939,-0.004457391725423565,-0.043501374116252385,0.02879857448866386,0.03314005215518294,0.05699018105591059,0.028210801869361164,-0.01198033947437753,-0.005305615931145165,0.007418664059323116,-0.07342894687485554
2022-07-18,-0.038453478490803675,-0.1410327659853359,-0.015063438939475355,-0.020561103987575723,0.041912547241598666,-0.023920303412404503,-0.01858756917769632,0.014610427958574854,-0.020720784607668515,-0.0012681077140347975,-0.00257299574401609,-0.018509362580899576,0.07988766587822518,-0.08609800263709941,-0.010971434432876133,-0.17658960694244052,-0.031183242629075618,-0.07856015000928272,0.07846721661936305,-0.009361045924235853,0.12646603274597754,0.0826297363854127,0.0031341711052413207,-0.2117039960282574,-0.04279345214064083,-0.08465567109784068,-0.3442791649868155,-0.014210147911789643,0.006364568859550439,-0.06320989945858584,0.058764665122450675,-0.05386646756609078,-0.05663953709791514,-0.018698343131155194,-0.034219424334762015,0.03751517782506391,-0.030452985782717663,-0.09474937695346174,0.03489631926164222,0.02766634097679709,-0.03620068286961458,-0.05987011570571572,0.006684208729485958
2022-08-15,-0.053893152606864926,0.1772581017605053,0.02494679750434865,0.00046217967716173647,0.09769448823682399,0.18043501487785207,0.013685660136021934,0.03311235090284627,-0.08438634586387703,-0.008128002737558246,0.08936548943079527,0.11299795083637335,0.12610748871582889,-0.06825187570776871,0.025495719743557594,-0.02925608684844079,-0.027845417291860686,0.11122523769097116,-0.0462660116677884,0.09547405306303422,0.006117113981066749,-0.06008337167298304,-0.040920427708233086,-0.09751466204953942,0.07345076879517645,-0.10714978185423663,-0.05142801890282471,0.030891834742869266,0.15542369068131515,-0.05586200835896312,0.03769827035613547,0.10653292012439688,0.017150695696712445,-0.0321493641839328,-0.06350307508530909,-0.06468361647525891,0.030636927295172593,0.037073448286329067,0.006208036993133726,-0.0022591759960334055,0.025814826290580864,-0.011775739406177297,0.01340953891558249
2022-09-12,0.06666373829402264,0.08413278471622625,-0.01484248974835359,-0.01984666741897278,0.01716874906358588,0.04099971820008469,-0.020067164744009987,0.030912981407998988,0.00912315523476389,-0.08528427626132976,-0.09085932310969602,-0.035944741588012336,-0.02464487354605969,-0.0440788634580125,0.13677477474814653,0.12975993799873933,-0.017871802722836245,-0.11626390727847005,-0.006372966392634902,-0.02494239581168803,0.11151987753290032,-0.019633887232983288,0.08099758945782157,0.040039448511062295,0.005673914716954873,-0.032893101884575705,0.07828521969842947,-0.005771516599090815,0.005435645321343562,-0.030805341621119208,-0.026045645559912567,-0.005474828034865126,0.016096295020184597,-0.012242910542706594,-0.022590855241452136,0.028477182904790045,-0.03541664018017001,-0.031017746151889986,-0.037592092523069776,-0.062205219267915626,-0.02382966674963738,2.5447970258215408e-05,-0.04411486896567178
2022-10-10,0.02182235639827569,0.07600125953492692,0.04138984744792461,0.007496112367673016,0.03303808765762762,0.03820254116570035,0.04043958255719544,0.05790448628353494,-0.03437824556846474,0.04224890961632821,-0.023263441008475494,-0.02692540740681807,0.051468084279682,0.02352206231200818,0.02921216803147779,-0.11354383610542756,-0.05327786510052476,-0.07778091414068035,0.13655057469910992,0.07937875426946947,0.13541532931504596,0.0046684156991575534,0.09507222346709196,0.12456736296579445,-0.045097950594844095,-0.13899340042464867,0.1613230293150023,0.002938092983140502,0.004284566957237838,-0.04039977597190673,0.09307134160017456,0.023380057200892604,-0.061836817298694745,0.045169853301509445,-0.04684425577579572,0.012732521927568826,0.03604568373438089,0.02197854193020425,0.015271620521600079,0.1256774958783764,-0.017501641491384338,-0.0002667127445909632,0.03553782339934141
2022-11-07,-0.024191730819326136,0.05429438755604818,-0.022840397591782503,0.015209519163547305,-0.11865459838347378,-0.04500656907553434,-0.08263163375975388,-0.027604123927503707,-0.23695603510014335,-0.03386125477718713,-0.05156846722293502,-0.1834043312975974,-0.012674741790489094,-0.156712602388237,0.09147304627622824,-0.19862870837562546,-0.056703113581959404,0.04457567287995008,0.058977477871868016,0.2164610572482007,0.1442195866482122,0.03217687812163915,-0.1328619049744448,-0.1125681354439213,-0.004101719621638258,-0.13780675786418328,-0.2645479027581789,0.024743710103775622,0.016498039221059465,-0.049840739430736525,0.0989476033544931,-0.09787931754384,-0.013564572505811404,-0.013214941694602474,0.044229821555918064,-0.06866088131735147,-0.011448372133000075,-0.045227792535466674,0.030379156280866643,-0.0031317111181151866,-0.013819307650272887,-0.03941218929458862,0.013577268615621283
2022-12-05,-0.003082307211995962,-0.026521053314016472,0.008446828203493977,0.0065700147179175855,0.03550640191669667,-0.018205997305482086,-0.04593204388960096,-0.06558918210976403,-0.03684858939486751,-0.010077349372778821,0.05020020017262607,0.059937659992187434,0.005589496579343906,-0.10263799443166904,-0.12583592777470892,0.004454318554823505,0.013788606545232111,0.022617824300597195,-0.01570082101831469,-0.06072219802426612,0.06625323577496757,0.03865805985068321,-0.17031706196836172,-0.053231387085216124,0.01157426925021816,0.081137317489044,-0.058920851705144515,0.0024850741350947343,-0.07925636326260253,0.11567152258927219,-0.0399183229887397,-0.015472190128123453,-0.054111884592758085,-0.04001283887484305,-0.08245931105763907,0.068683270701666,0.01873677896501368,-0.031413802436238314,-0.08708774669119243,0.029857611293945933,-0.01851305732809111,-0.02667188198239212,-0.02581336889247488
2023-01-02,-0.06482778559544573,0.09718348401796402,-0.027734461379855663,-0.08650839473001762,-0.017676838362183197,-0.043233922680856296,0.024068611635449592,-0.07427683680468647,0.04021193535131771,0.017136543366904372,-0.17543032556586335,-0.03450178668828825,-0.14299617029181488,0.025513650590393615,0.0596752500592251,-0.1170682681931332,-0.015899350582800696,-0.12674505320781,-0.0032479782876869744,-0.0006460204383078941,-0.010860958262302607,0.019383765647435103,0.025041349109173522,0.05370303292466402,0.0071127232054707095,0.14387214573873422,-0.2380067529616577,0.011949415181219555,-0.040700713223755826,0.07633034506318123,0.1381516817656512,-0.0659226751387898,0.011810447502138055,0.021685704814059924,-0.030963652266519804,0.015346498950176554,-0.033663080165700174,-0.06738962970886232,0.00728480022517157,-0.0022173588273867815,-0.02093052520865947,0.009125394549848266,0.007183571392194371
2023-01-30,-0.05292353813489965,-0.0025744438882061363,-0.007210196625655257,0.032959614754192616,0.038436762185673344,0.08940358503124513,-0.0005038809616628726,-0.006488140167766228,-0.03480951909871714,0.03275478450184913,-0.00449946321237444,0.06703470530160682,0.05003861748333223,-0.0608163327863294,-0.09348837365695356,0.06035660714824733,0.02086634695575966,0.11127558810676969,-0.020159313507490288,0.05659665722754578,0.013761811998723027,-0.01596356543317745,-0.04275030635617556,-0.0731724584696029,0.025875802129822194,-0.04771168656810343,0.3078742885899827,-0.03593323586880009,-0.04281644677817052,-0.042777642964189885,-0.06476933779013706,-0.028959637347384798,0.02985372886674527,-0.0649136980976076,0.0582141781030128,-0.10755623622805516,0.022955896856102633,0.04796773751714553,0.016520202642959024,-0.02124147511482881,0.018839520704299603,-0.029635199883392863,-0.01848571061452763
2023-02-27,-0.056923752426065025,0.14258806147890826,0.022357412781220012,-0.0037461895998429813,-0.019712515824461756,-0.06187974364292875,-0.02110970887435036,0.15992270742190562,-0.04621764562331736,0.04788164282637543,-0.03271610860589895,-0.000903815918585767,0.017571750090839174,-0.15036930002272628,-0.0007113966033679827,0.10490034629966707,0.04955406338847454,0.04421532546901194,-0.09891238455599015,0.07523105169588025,-0.06625628012326422,0.015342937458626256,-0.08589604084225304,-0.05689874805606923,0.05720359614686738,-0.12763643389739993,-0.07956880443798844,0.016431936564580037,0.10074097425147023,-0.11920889869130666,0.08543815612334416,0.009733059204107563,-0.02540110058381144,-0.052728198163581604,0.07613019687045297,0.0020533551963949144,0.026961014206241772,-0.0395736376028043,-0.04998177295396846,-0.06682461678963443,0.0038248985169971354,-0.03580556230159639,0.02513583772919043
2023-03-27,0.06311232368825785,0.033300570591261514,-0.0014483376530686643,-0.009397984215185274,0.03667185210798104,0.09192629530510124,0.015976630370811734,-0.1685693227206193,-0.1543456009600017,0.02594755463917934,-0.10679439051071796,-0.061824778205162016,-0.001476931881132043,-0.08059267402661993,-0.0782422544707023,-0.006212321472642668,0.008294483816149842,-0.009804993475051663,0.08731655830124253,0.029329790491501275,-0.030734179486298405,-0.008411468050224422,-0.0883001421409243,0.12499861354886482,0.019444801912722735,-0.030467247736707656,0.04995472337996303,0.019027596722735823,-0.037327933467311114,0.10851987718530828,-0.005336789813356309,-0.01689791278661254,0.003755724316940212,0.009759352123959307,-0.017251671875484174,-0.06135029871956288,0.05654347926384368,-0.010683474650137234,-0.026968794911173016,0.010898165871523674,0.025292922615535993,-0.0060610620741174135,0.02996488301330959
2023-04-24,-0.021023950297704003,0.024327232783108114,0.005401157890962054,-0.024958453933060384,0.029317092835345775,0.19857114018918878,0.02602513668512208,0.02268504374523698,-0.0938422835055347,-0.21558310349843227,-0.01367082881047178,-0.04231857140544623,-0.1658233221928136,0.036158657478798595,-0.41371961913747723,-0.17671036860688055,-0.03637618120082544,-0.2179411513979835,-0.10099028253709794,-0.027041997599657537,-0.05837725959150912,0.07847161729896773,0.06619671936879835,0.008094509119944993,-0.07718914489126906,0.021933791737455244,-0.11002168261693537,0.037034437420908985,-0.01734689442135832,-0.10044215870766582,0.011128030923253363,0.012308092181443955,-0.034014238281864416,0.09191170407679985,0.04678988587906861,-0.13360374671452643,0.03773583945044462,0.004398277859726587,0.008200382038246202,0.052986529939539416,0.006652432119075721,0.018047055688977947,0.03433419494889667
2023-05-22,0.0024513745983576474,0.013373008374350168,-0.023454121186950158,-0.03837926535156186,-0.13785096076412043,-0.019317470926691876,0.03979899414159623,-0.07777702107930545,-0.08211365330749115,0.07896100221357114,-0.043107091573343824,-0.14715561071645816,0.03527635714626382,-0.055247528645482935,0.2527702743446443,0.007457117713028483,-0.010605233254006509,0.15282564685284483,0.028726030144572666,-0.07205409017220459,0.0876052117932502,0.0004119257097877499,-0.027301908132231822,-0.06973929940681199,-0.013992044802882998,0.021338748729244187,0.5398407489629559,-0.017672499357258287,0.03173529040841498,0.015769529125042273,0.0012095675270762246,0.043274388173572,0.1309537635558311,0.06002388698449234,0.015606979089345954,-0.10925003646149037,0.027848530452598767,0.041734244571647997,0.019790564332634736,-0.007902030946743015,-0.0013804500413278666,0.015425994129978759,0.02219271828718937
2023-06-19,0.004830176474701402,0.08992418363720196,-0.009184257837272775,-0.01688276607226034,-0.031029949895095704,-0.0857146239227219,-0.0039060966488319165,-0.07498311887746183,-0.037512992393095454,-0.021569650088300273,0.06814383083790522,0.004642216614057785,-0.007447557238626671,-0.15607177013866314,-0.050203679791746975,0.08397722166831631,0.010911086857563358,-0.09301537442248152,-0.13392969018455558,-0.14413545545753575,0.09746878165316707,-0.013780172072260535,-0.12079455208556507,-0.08177901262267595,0.0187472595999668,-0.03551557068634635,0.1793049977152547,-0.01129104878992255,0.034295827735768905,0.05798254781737112,-0.07265839126778847,0.00768118366966738,-0.18760178263001792,0.027010696785020317,0.0018420167764275353,-0.008664832156435391,-0.01166373447428616,-0.07850692256488864,-0.03526341750674112,-0.052884311404849595,0.009547171234672028,0.02081377020764428,0.01067835781540957
2023-07-17,0.04494523120047917,0.021089207088796854,-0.006163829774042607,0.011783445349233604,-0.05214257844932734,0.026938520998337726,-0.02489489623663981,-0.015332689593587454,-0.15732331898536997,-0.014838689896462795,0.04228413144275918,0.059709891267915365,-0.012801392663835506,-0.08106676551657907,-0.025759042288883836,0.14021756480037564,0.018101562174176276,-0.02965902801507725,0.04087588030410419,-0.11134440504157601,-0.02264608164886797,0.056909798037036184,-0.06628279482187385,-0.007740717036192472,-0.10216720162608721,-0.05454660449183156,0.44019874566043854,0.023696131690736887,-0.05090067319950389,-0.05105530652445111,0.008625781310096054,0.03553612455643529,-0.04645207312953513,-0.029958738033451768,-0.011950319179721359,-0.060892050452661065,-0.007014246880782681,-0.026576920810701503,0.04022930409579018,0.025142151616714466,-0.008732388477013062,0.0013145219238116495,-0.012361485151712544
2023-08-14,0.11381350037797607,-0.10818419842556379,0.011065822708974144,-0.010883709872027768,0.07217244184369105,-0.033366742498399035,0.08318304981324609,0.11335103372354181,0.22388173674117534,0.025983594404568586,-0.05449942915543793,-0.004647451724420883,0.025626894186777816,0.16875959004893248,0.03573883340816161,-0.32132689575514345,0.09459263376031425,-0.10929884741969517,-0.07446665266450253,0.1282495758727311,0.024487548671291652,0.11392498154810758,0.12419170316630275,0.02956805467937585,0.08758410095988406,0.03829819985319778,-0.3618060212585793,0.07405624855388178,-0.009966408498132724,0.04169265870306728,0.19587620168715072,0.006577948108848033,0.13899320183959438,0.1743675893340341,0.05720003738166732,0.021935470975846014,-0.021617405828782892,0.09764525220118675,0.03414933144216106,0.0945762358344765,0.03978138753377774,0.03719706365241537,0.05699479400186267
2023-09-11,0.03160049272411231,0.010423969844334503,-0.013951275658419582,0.00011794769370910771,-0.03947516223831966,0.010289315840415657,-0.01636994495854989,0.0270554853500657,-0.05412098967584772,0.020678608948075168,-0.022441751153872043,0.023970348270981552,-0.04392986970535766,0.08086114064446277,0.13242211427673273,-0.3264358448656881,0.016537092440381505,-0.06892258884223995,0.12178356001473796,0.01048907457001566,-0.06096286045613285,-0.027302340258221043,0.08743909483452288,0.03712981922653718,0.029220391941854124,-0.018280585384298914,-0.1316506830325559,0.02264197055772885,0.00952652039541457,-0.011658208653262853,-0.08038845227164444,-0.01872172771376448,-0.07840619477086341,0.053455523639208115,0.01683240239865276,0.012345215106634081,0.006150161681626312,0.02959154976203455,0.000902091201886503,-0.028900224542114973,-0.018650103679500304,-0.043955257549708665,0.0344009556788018
2023-10-09,0.03883680920473002,0.13569390313425797,0.015832430227531828,0.018404747315528283,0.04803553714195386,-0.020394928358066895,-0.0018875577121220816,-0.18440285179819904,0.052685522150432165,-0.10819741961495247,0.0684866815719413,-0.023319524014578038,0.003458277410428697,-0.05497178478537221,-0.078604684660994,-0.08294919206471615,0.08917872323833972,0.009171073737711814,-0.09745366938945287,0.10037164822565113,-0.07206969306857952,0.017831673486719338,-0.10893107766691275,0.03317958495391048,0.15251407895225072,0.015721330378616415,0.06544094745031019,0.01540221722917941,0.012256876028949773,-0.023723291682119403,-0.06809751829346414,0.07205671873982404,0.003983521764055684,0.01778980890383454,0.05393519666680501,-0.12893816789155685,0.01569854115560323,-0.012515282210360884,0.08152905130291827,-0.02611248046337694,-0.03863860641979895,-0.01434607971215729,-0.028200512106640693
2023-11-06,0.0031730544863094595,-0.14283581127987935,0.03146077250891397,0.008685104903721506,0.001628543350630441,0.13391662669209603,0.05450821950825058,0.09670488282237237,-0.08000899596034075,0.048598561021348255,0.012488850717213215,-0.10012432429236881,0.1034103866246899,-0.11958404298105772,-0.04826514483927759,0.04705857762414281,-0.015965548835584147,0.04948132984776711,-0.3288185515259066,0.0022364914063067783,0.17475876496467327,-0.040719265778355926,-0.07729712122195294,-0.17045562723381075,0.006917767846055002,-0.1874522388579399,-0.35055471887927786,0.004574811038795493,-0.19564329387788226,-0.09103657975262391,0.017131654011015428,0.014376543477355995,-0.034950798058346055,-0.014435928279498984,-0.00010584270104798538,-0.04376049192017201,0.0778814405047487,-0.09524720761010294,-0.014154161903642723,-0.007089355059774767,0.028053022372569764,-0.043350168620038744,0.0027332661680816136
2023-12-04,0.009817318223616985,0.13789496171408544,-0.06265472819643983,0.012500575887931055,-0.00792229806142994,-0.024290919919104845,-0.03658300007581056,-0.04112721292328084,0.009931213013062167,0.01308148341020238,-0.04682662870627457,-0.03538051624153449,-0.08035785384710284,-0.08821005664562005,0.14489180764877035,0.2174803844459078,-0.041092945314136764,0.1049054883092138,0.03187430811230611,-0.02452842257038795,-0.0185749724405098,-0.027777981726616413,-0.0798006997776748,-0.004177190235750184,-0.02809712594734059,-0.026349207142064356,0.4946790363706964,-0.08762197018797413,-0.012792056293677554,-0.010599239978083562,0.10908908557428054,-0.0003827996106005975,-0.010193435061418815,-0.049743656329934806,-0.10000101176762947,-0.0971523547522285,-0.017594964918564306,-0.004965876921696075,-0.0013789165940731448,0.03260654191460721,0.007067098025386248,0.002361464456807126,-0.049208701221706196
2024-01-01,0.047886704333946956,-0.04019841301318933,0.00896815834966879,-0.014130992097899413,-0.03653747174379135,-0.019349878288766043,0.01102511995410918,-0.02534628607472257,0.005602085770276353,-0.0060421764238642595,0.028556198367545315,-0.0063849257577038646,0.07335574631515981,0.07283228377947762,0.15014262086685407,0.17826236360666325,-0.06612430162351288,-0.004783958747233905,0.26490820396485426,0.009351470260725898,0.045207494787317185,-0.014404742799221599,0.09622896669853812,-0.05110758151107509,-0.035651869750447915,-0.09180328479589944,-0.0985371919181081,-0.023707510529708088,0.03126247122587323,0.06684944833331272,-0.02057267189269127,-0.01935001177160566,0.1136960732267872,-0.025967032391586944,-0.09793612409016929,0.10313418925250192,-0.019629563185902404,-0.0076573523475668565,0.07006524033003354,0.03361331144449668,-0.031084052638423773,-0.03229745085399158,-0.019935486931799293
2024-01-29,0.12642601553401658,0.06737382207184595,0.01821150347274706,0.006786424895462065,0.020073087858203435,0.1213406503098013,0.08552550183768096,0.04003466271495831,-0.03757549900912857,0.07914544486788844,0.02208252131112725,-0.03660704951801913,0.017557839136895938,0.07912352119959581,0.06679756183405411,-0.09874110995609643,0.044058043290201715,0.056591401469412064,-0.07341806633898698,0.03787870828033243,0.11787696388796035,0.023026267005182517,-0.11803046251353096,-0.07493160264983507,0.09593416254609698,0.04704024584947651,-0.10924477084953137,0.07089029120324435,0.032364971368629356,-0.18466128379287902,-0.1721164977585589,0.11861714293640134,0.12397158714519148,0.03377295783730775,-0.00336719173926283,-0.02760863252267267,0.030932031902881733,-0.1261366845227659,0.07249412489195653,0.05526328111880259,0.008496930751769214,-0.020792411414893634,0.06831342992407445
2024-02-26,0.18099629216232596,0.1086524248875472,0.11306534754422971,0.00025197995903575125,0.1561255360758345,0.08713582652059694,0.005518068144233737,0.25836587485195495,0.028499356371204636,-0.024740371819402925,0.03220408229462757,0.0199185220756782,-0.09650581202506481,0.023294255351982186,0.065547814584103,0.015626459176027622,0.06371141579511445,0.09766175641550023,0.003378681695033939,0.13465301950987033,0.11994936027724794,-0.00727958831373278,0.0790733186413643,-0.0626695726970514,0.028893365753356055,-0.05020339861820266,-0.2704367273117614,0.023364139197066692,0.043050748261455475,-0.07769370912921732,-0.03908975860719692,0.10328465119839011,0.10756358219083786,0.1253031540399465,0.05798102885472968,-0.03531017796576591,-0.01890806315080603,-0.027949915511914666,0.0483290882331086,0.051804940854203785,-0.0067053052046673455,0.033693768864987636,0.033901179323345056
2024-03-25,0.1791369946183784,-0.0032671766756441505,-0.04686869011506162,-0.0237334484426662,0.0628796559028861,0.11177336528107046,0.04194498210442012,-0.0517121227177135,-0.013113906678087123,0.06475537250406255,-0.07509745064854473,0.0021813133293570423,-0.04716710025202392,0.0972670555758398,-0.019350432432994242,6.875458250636679e-05,-0.0433974318174805,-0.041548379491390834,0.11727529606182537,-0.041059550568107075,-0.05577572607494376,-0.020383044656626527,0.24082777806783875,0.0858003172264078,0.058381299292092965,0.031139443618876182,-0.05289870414775612,0.005188161480842501,0.053618056889870154,0.09979607790421154,-0.03709856520121936,-0.028718419224232447,-0.05538885775495131,-0.0021284884999158427,-0.032359355685161344,0.005946488251848108,0.014783656637200906,0.0888895342539088,-0.036825978270336804,-0.004855205800794975,0.005300745965494473,-0.04747253596031981,-0.0012224041693874605
2024-04-22,0.005609368944402768,-0.023821830815120057,-0.021463559340772553,-0.008710086976891879,-0.07100941672799536,0.12513523848649497,0.03643018947731613,-0.11466736862955666,0.0034741333315383162,-0.05113753469061156,-0.06398195152625405,-0.04668948790841134,-0.005308614233296649,0.07479979882265234,-0.09059783751809163,-0.09240767568259156,-0.03483185661312762,-0.0598449108815806,0.03932662086124024,0.013823660865297233,-0.0738271502505886,-0.11962647919317003,-0.022109403706159658,0.17159337157401816,0.011446127602809868,0.7350802878132919,-0.08506204436595191,0.007623194042170747,-0.015900099413043472,-0.02198286807374058,-0.1357460523468151,-0.08113203807474942,-0.09335786237416127,-0.00758610041950672,0.04108666917485429,0.07751044358524108,0.007708657328721753,0.11070348565429594,-0.00011855687160548193,-0.11483867477619054,-0.002101553757010491,-0.05674570673748628,-0.03482985386690853
2024-05-20,0.2745299565468551,0.06396693091469222,-0.03212973580918887,-0.04811930873359003,-0.1441036400489487,-0.04603003103844048,-0.007948158672235365,0.023089655314983186,-0.06936016467752082,0.025692239553724752,0.06992807648238436,0.12709031233130505,-0.019953559357025894,-0.0604501506937797,-0.08045411612929461,0.020286900827361787,0.009311546319166916,-0.15941188570300363,0.4287787821153239,-0.05614955121059427,0.04711038927878648,-0.0076886326686647615,-0.10907156060663836,-0.08387300879849592,-0.03370445829897666,-0.09129950821246886,-0.028386352742822495,-0.01243825015423112,-0.09317252757591662,0.017761732880799116,-0.02104817060039025,-0.09196735073052029,-0.11821410429706414,0.03973451234435907,0.014801308247380008,0.003262395959923007,-0.01126960527405325,-0.0666493137339392,0.08832845659558942,-0.027691391041019475,-0.045188288437533766,-0.017223336008661463,-0.008326446417036806
2024-06-17,-0.1891109219053494,-0.03691280241925603,-0.004761413971471458,-0.010088566490101626,0.0005711945234931209,-0.01638475918662838,-0.037351112546533574,-0.16436331103310228,0.004001694192536223,-0.06717653426589558,-0.02505786233762783,-0.12572499591909853,0.03195180851405534,-0.024044312727793518,-0.027987359016833243,-0.14576815656029432,-0.11509792515589534,-0.017758422485832592,-0.2604497203955358,0.03628133836850132,0.06769272595742377,0.007241221276282179,-0.039481989702733186,0.004405760386463429,0.0359898136267157,-0.006569975932586271,-0.06408057353986886,0.006626918123999844,-0.07701372129346504,0.12317620188572408,-0.009630848828437314,-0.00010520210064975111,-0.17208051637084776,0.05365401753241353,-0.04616883039019542,-0.09551333768829583,-0.024625723505965758,-0.045497051674461546,0.01006616444685916,0.10595219429047731,0.0020689740345955446,0.0014459890102806311,0.007088165852550531
2024-07-15,-0.17237715549990545,0.08612760865312102,0.031465949411138526,0.021324035580956073,-0.08238452494145268,-0.2149441799994953,-0.06648299169681116,-0.012409811757170403,0.035995730217289655,-0.07154088047911586,-0.08857377603027888,-0.030323440636769672,0.03584846262446578,-0.025243048894251517,0.03673815631106347,0.04564523365149986,0.018822934355248146,-0.05538118482154583,-0.11589353775679659,0.0031559731647804075,-0.06036733097017465,0.04851274645206545,-0.10668522367596997,0.09335680039619611,0.017879435932160553,-0.09685157589719552,0.2452697497629017,-0.003938883103836419,0.1600326548559501,0.0071122313107854565,0.017003384563024873,0.04002922723622333,0.0403778940513638,-0.029752336621951918,-0.05364007507693698,0.03450914956160305,-0.01347595861199425,0.019937948730395054,-0.034509025956589716,-0.006082159832918225,0.03348323972550127,0.020859505133300895,0.03360356981854252
2024-08-12,0.0011664927641067552,0.06847119787051323,-0.0209000288837714,0.010626157527645216,-0.06516195286973514,-0.014368682764713193,-0.0002990695620676848,0.08845526556165147,-0.0937027358025014,0.03968906512441425,0.19119124378605729,-0.08621069971613075,0.020313620691720508,-0.08852798369965555,-0.0013772872370657625,0.196866423655751,0.036172260040352226,0.13217116349763702,-0.3882307242150778,0.2208888946907024,0.018218295302497113,-0.013271196436920955,-0.11894379013013798,0.07129656359212058,0.04788463660109573,-0.11862837610085963,0.364430984700306,-0.0352974843538546,-0.29747689079579465,-0.09029571656094143,-0.009533480172541893,0.019810675481193196,-0.010563179305571442,0.02737265466975344,0.017577017718654595,0.14064201919260336,-0.04770206591842406,-0.09715591492928896,0.038598326325764286,0.01453539610415717,0.022815318221107453,-0.016672880161719222,-0.004600209736168412
2024-09-09,0.031403678064200476,-0.002658844361142016,-0.004576430111551594,0.02401969128841864,0.01786318418503492,0.01876277649198103,0.012565915677967894,0.06027955347085203,-0.011486372379277146,-0.05923914201850568,-0.01712171925497767,-0.005010933381738025,-0.029519219006958808,0.03449482920910368,-0.19756989876774259,0.18588678463633848,0.04201204024820875,-0.07965802760006374,-0.3005379792889503,-0.0726348898184523,0.014013138024303148,0.0028091445208670825,-0.12797330129761544,0.04160687455369182,0.05458322998796567,0.28418361050232993,0.05602728098844775,-0.01940757848891423,-0.028111423980295314,-0.02864519606284545,-0.20868590898791897,-0.06574329551451039,0.05870070802177185,-0.02476423582988689,0.037078242098782126,0.09685794956117333,0.037879289838177004,0.002714647628946701,-0.0044145422990974174,0.011995443330097617,0.009028701743039033,0.00912999344094262,-0.0236967618256679
2024-10-07,0.36377961024899563,-0.09654797190551358,-0.06229230142059821,0.008114138186567808,-0.03088159758721537,0.06265483359592683,-0.02543676466491937,0.05008082092470616,-0.023235549876944046,-0.06898052814352196,0.039907022857830696,0.03549206721587572,-0.028388393916614144,-0.22993162111260304,0.09506578804394258,-0.03540280347102525,0.018767932255787358,0.06936848916351453,-0.18585224430061972,0.07168134945092829,-0.009404888930462001,0.027012983314731148,0.0681576354938079,-0.03404081224718811,-0.011882830571886438,0.02111401279125158,0.0899608801000471,0.020423647985434442,-0.04177739290691248,0.08269394126680786,-0.06513608862654723,-0.052006290925856735,0.013467082667786824,0.02061367284786626,-0.017831259322765407,-0.029122700360396138,-0.06654140223065395,-0.06423910026324221,-0.02754928200127838,0.05119063582798055,-0.007451909279918482,0.0029142856521514465,0.020914553497844816
2024-11-04,0.06094976905175091,-0.11065045565548705,0.01673779508401781,0.1513618986252066,-0.005794003073358214,-0.01908491520515774,-0.05342378948010013,0.11530893857076255,-0.027642738927163492,-0.07483704164039139,-0.09168201088487837,0.01705643440283583,0.07377046533772291,0.09242979626230183,-0.02729820812536318,-0.16788630969816593,0.054769226207671905,-0.23257265558162094,-0.14924518331028624,0.28698546547081133,0.07137301494949283,0.0882746111292647,0.1843179211822229,-0.107170644603078,0.013501802072808381,0.03103512157510819,0.44630961769328636,0.02672741476252812,0.039557335347953956,0.03750696823146964,0.04937218739142227,-0.238778449872575,-0.1208068585737415,-0.08886135415979732,0.11700445265136908,0.06063052884415976,-0.021107211929179734,0.020226988246416472,0.07053393852750428,-0.05542246721005837,-0.033966144526013584,0.020467454954930513,0.013116322313328509
2024-12-02,0.053708138064646915,0.1443577318796297,0.011172563938144333,0.015892606034750578,0.1626988076798764,0.10208463239526036,-0.04978826540706473,0.1066360829207905,-0.0314275055049214,-0.0039375812169215735,0.0670507800427641,0.0928425104950128,0.10173349996585435,0.1475506840790074,0.10195089685149868,0.08006583927830747,0.09407661562815754,0.13161664714470978,0.06912032785677075,0.10531519481606555,0.14581309295890957,-0.004496807482812543,0.025816676285781534,0.029053857703163835,-0.060873318488654724,-0.27754561963486213,-0.19283591120637777,0.04693305404715835,-0.03457636316998275,0.1110332325528209,0.078731983857103,-0.0013558642884898067,-0.03772619128888324,0.055706159234205715,-0.02739853270490574,-0.06946894095852846,0.025897281174399954,-0.08798417216983542,0.03303323862641925,0.0715418482389174,0.021209842521592304,0.02549772357087816,0.03233138892814014
2024-12-30,0.02473420988425877,-0.03206898218985062,-0.011450420003602201,0.03497130753250388,0.017557450187509316,-0.07365469620652679,-0.03733120173952255,-0.10054137160842702,0.004458388333463525,-0.025632132362353094,0.06202804439373083,0.0726676595839294,-0.032650109429466154,-0.040209479586829314,0.10201368914605836,-0.09754453360636933,0.04025034079890742,0.018788052163995043,0.04848917353165299,-0.09182178516107538,-0.026232524200271067,-0.0704030865654177,-0.09495325805775001,0.051881992463087445,-0.02864753840763492,-0.07613503789900723,-0.1293409361018058,0.005925348355786512,0.015131925440485488,-0.10032954233201738,0.21048217389343898,0.07055957627624228,-0.05781581790465185,-0.04892825238953268,-0.030727902135473724,0.09966775090743088,-0.04432491661466792,0.08645814279001768,-0.04813842536560216,-0.04751183887959485,0.025767422743516247,0.004719148801523642,0.00031047276127129514
2025-01-27,0.06406731821212534,0.021753101312557095,0.08151423006134817,0.05015955861570829,-0.0008563763131447192,-0.05146087434280452,0.09599625852975273,-0.07145579821647424,0.13549719529512713,0.08284473460251186,-0.000618272368863677,0.08764070327814476,0.12376409339271424,0.02979185035555605,-0.12555955408633407,0.29659822449111745,0.02390693829942049,0.18172190872422503,-0.12341244600984554,0.0105040518807334,0.11931966234192055,-0.16930002687505702,0.11756990646406629,0.08284635324587582,0.0016885040283909616,-0.4632846340644504,0.0021020272831682313,0.003049726010459064,-0.008950017809298598,-0.016648344686608738,0.016312053780736205,0.020662513190682345,0.006253061994686893,-0.019999903827421533,0.07731826130910133,0.0962297505870069,-0.0064185944135795245,0.06811924897300232,0.07407065601936835,0.027777778792108826,0.051819977363387525,-0.004808304025410304,-0.01390781784505249
2025-02-24,-0.2822148791712725,-0.11888952770463579,0.06247476417878993,0.07434377241664268,0.03989067888522905,-0.03041703510920269,-0.02129217399450402,-0.148741645176644,0.06564850854007281,-0.08245782052163925,-0.16718912885743975,-0.0072831521337050256,0.0012660113780040647,0.10760280633749261,0.21821238106721985,0.05431534039111369,0.0539264292313025,0.23963862633116118,-0.2972059415879662,-0.19121385145862763,-0.001649224319799891,0.051677500038775324,-0.03268934759704452,0.00191516585442546,0.1110323843990626,-0.34000979230944767,0.10850127249893736,0.008218859085347955,0.030398354796322285,-0.052535522244666864,0.025646594239248185,-0.14057372286335554,-0.13331533748668645,0.12177969510686722,0.06290703685025882,0.07014809289528161,-0.027870708315157554,-0.1594458659961567,0.09173484175233788,0.022266573327117838,0.06663112395640189,0.05748772830379374,0.07777026627663483
2025-03-24,-0.08414578413107474,-0.12595973072387556,-0.030967730587534624,-0.04290017279563035,-0.10192808517626996,-0.05505419520622562,0.041499051918689044,-0.1055383000477062,-0.13310842212562,-0.02222995023982364,-0.12431388270159069,-0.1261179815312353,-0.07256418983547876,-0.2280691895768078,-0.04008986294765797,-0.18534223242394898,0.022732603988698828,-0.1831633420363866,-0.0414463294026302,0.07473824657698486,0.006657270921803991,0.017080590887709475,-0.05258116040410224,0.055706271506042085,0.0021806229446924754,0.26360075450324877,-0.16971701039972412,-0.03169115133557952,0.05952597057536621,-0.17240691108953388,0.0030633572248872573,0.11156461975499507,0.15519923997559734,-0.1394002091119652,-0.023195318109165065,0.1456702216562164,0.06171753090105439,-0.028472959013225094,-0.1358820769486857,-0.0767408357844085,-0.02588911781519714,-0.04311441311810967,0.03183348352589268
2025-04-21,0.018800091882630793,0.07783045169082971,-0.03603752498567928,-0.008753794556088827,-0.12037136822444305,-0.02758637114466719,-0.057739312162713274,0.18056012504326582,-0.13419137185011962,-0.012939266524638171,0.13103155212944728,0.11039948041413306,0.0030092261173395593,-0.1037069268995451,0.04377614711281034,-0.062279690491677475,0.018813923050884356,0.11453572389834056,-0.19615392615965438,0.1420326300904788,0.20814497622102351,-0.06659866268470135,-0.23429633065495553,0.07161618357177171,-0.06432802852876188,-0.3556524560832021,0.057995867215904884,-0.10053921848207151,-0.0028402187509052115,0.06702424495211914,-0.047516659376784155,0.07234109906434345,-0.19179424211569962,0.13393280244526895,-0.06572263937761519,-0.052060310220867656,0.05215773196241573,0.02217785398502128,0.0190326040962933,-0.020816776068428678,-0.011256647810817932,-0.04872120191659801,0.01610036400251486
2025-05-19,0.08588761805792693,-0.06417817498356868,-0.06893227181343031,-0.06949362763255645,0.10593557490870946,-0.09514686487729161,-0.06432897252223724,0.00584153573666632,0.11232535593252325,0.1628151665995384,0.18594041773478873,0.11677901871718191,0.018052598411210236,-0.0706331643921169,-0.01052215411727997,-0.25707855027116355,0.07663405805131338,0.2128734411062435,-0.030822017135936956,0.08604959061096362,-0.017381639115093408,-0.013156037563097495,0.0189239901544439,-0.07647576346971616,0.04425966798494908,0.01986708329564507,-0.4142966189265569,0.01818995346623823,-0.03968041696856162,-0.0311694899914021,0.07170739023029235,-0.07338623687212603,-0.04773930371011071,-0.1907280313463423,0.022914094016679848,0.015289431536414233,0.12828503268966654,-0.09576864744329802,-0.005930171862312019,-0.08240136865239543,-0.009969698399065497,0.08132639048083488,-0.07116097274917292
2025-06-16,0.17885697929316458,-0.08313133352675664,-0.009579570194763716,-0.03282856020269119,0.08397268300676429,0.09226585316563735,0.03472975138823485,0.005880794301207606,-0.005236973184061092,-0.018092280151632084,0.11371433575341705,0.012138782068646069,-0.0051168816191442985,0.1026523635943277,0.08375705510766941,-0.22783925457096116,-0.060682115436079695,0.08889509496069314,-0.012085185828820313,0.10048430825226223,0.013870347946632888,-0.010195826577992565,0.1805599348796015,0.11885819385473984,-0.06566711217293682,0.054931487104036086,0.3253484568694661,-0.022357915135061645,0.017253035960283603,-0.03890023055825387,-0.002576837417581076,0.08615961292974297,0.05069627553720893,0.030821660112260427,-0.031678485335462594,-0.17675329603109707,0.011069508032532234,-0.06563878939481488,-0.03684642223801188,-0.02317222613633575,-0.049524833230682526,-0.020599837580116943,-0.047534870603899104
2025-07-14,-0.09367910368938953,-0.21190529338845993,0.04037700812382816,0.02711098424024773,-0.04100969225219503,-0.033463862243595634,-0.005981015476940538,-0.05222047484108676,0.005795061219753355,0.07326359509880229,-0.05893490168319713,-0.004081925931450944,-0.027238395449592584,-0.0647908136359589,-0.08083939552170624,0.004754322520301654,0.009164938482902842,0.014025126749994284,0.2502536068108324,-0.14571876308537382,-0.10151835501832032,0.03540112333993061,-0.2901433345440305,-0.05172549436249988,-0.09655997774123633,0.18907734430901774,0.19160862241208423,-0.03959333454633332,-0.013315828551817652,0.06769339797813792,0.1089645591520403,0.08764202440355537,0.07600242009785393,0.012244095739093753,0.06015970572981695,-0.17796197089107044,0.006138689830506968,0.03081271827724399,-0.07463167047301934,-0.029974455586131418,0.010435097794231641,0.15197883192844866,-0.046009378611399206
2025-08-11,-0.0030855955431702345,-0.09044815281455693,0.05767618254974519,0.016144963804257517,-0.06718708301429806,-0.29664844341212276,-0.03458292672386096,0.1880164609709658,0.011014247116078919,-0.08366672348034077,-0.07662517911225379,-0.039810188465730145,0.05811631609141375,0.23142195920627975,0.17983347810355962,0.08623779762758177,-0.010839590310371074,-0.032747695633357735,-0.14183829287695165,0.006697969968743785,-0.02736057023850614,-0.06664308388901072,0.08497545931913081,0.2698010995628681,0.0022245825099553684,0.12904812734341287,-0.21934692275518974,-0.016131638822966688,0.03405952460170801,0.027341505798900684,0.04292923917496123,0.10849198090461322,0.1735548662131587,-0.1823744331335528,0.016983263079762383,-0.15157993349767315,-0.028183096594891377,0.022872375753517568,-0.002164718945440961,0.15357072542071903,0.000761517512629345,0.07058056844999186,0.006556754551334833
2025-09-08,0.05609090354635844,-0.274187193563068,-0.04667917328454144,0.012946311357145593,-0.053562648605217374,-0.2195707627925773,-0.08208981470836396,0.07354696873510551,0.29192537219105613,0.12106217844073033,-0.0679261136288992,-0.03962117030865655,0.0017294228625217324,0.2956054818354532,-0.03924613924694434,0.15590105744913174,-0.06114232182930709,-0.022997151738929883,-0.29641777433454874,-0.03546348352701918,-0.10557361426712988,-0.08063136587178134,0.33259725617046226,0.10901139451975861,0.009289738783170468,0.05476199850828971,-0.06935243403430524,0.054366252281331746,-0.050864188328120105,0.22023875731724196,-0.15657760131837986,0.02800012283228788,-0.2158813398473207,0.07880441628864761,-0.010456100105870617,0.0749353876716807,-0.06431398500937142,0.15321325571208902,-0.02793113818719739,0.04599189894899183,-0.027908445872571037,0.008570429772707534,0.02779281749474364
2025-10-06,-0.11322520178192227,0.11817212808716301,0.015028587122803295,-0.012560651747883955,0.022490849637736114,0.07376534643136998,-0.0381812718928849,0.050407503913927065,0.08294316552173102,0.05781348777407691,0.12476999110251936,0.1259821299738677,-0.04347991371504133,0.10810126301408014,0.08905913627321936,-0.0025133917162469127,0.06737743599131532,0.006360873929031147,0.20701841929007098,-0.05708471640897457,-0.017802293317610865,-0.04625780449149558,0.032197008068930444,0.1712987040766687,-0.018316048260628104,0.5877654724061191,-0.16402457239073912,-0.042270543208537806,0.024139430947605775,-0.08871442419598764,-0.01062595069056705,0.05968951573880572,0.3246189396750794,0.019244673510104525,-0.015818697386749434,0.18943861886689425,-0.006929454832744356,-0.04910210737364324,-0.02373159512195476,-0.10978389046758041,0.0003934945465279352,0.054417069669169885,0.00251485879880106
2025-11-03,-0.05758982772608755,0.3017773636660355,0.06798633058981549,0.02962673951690807,0.04536234711570608,-0.370127295958336,0.09304736473122033,0.144405290176982,0.28440268301417765,0.05488135659304473,-0.12409639855930552,-0.055197365648973304,-0.24996186724356592,0.40734900357477816,-0.1028099969033012,0.3114937389617718,0.030166811476045653,-0.022905127373873582,-0.10979987514675461,-0.26862241171386825,-0.10276753112541628,-0.0440997546191088,0.34477677031999854,0.015042460820703901,-0.1282186390300587,0.08037316909848893,-0.32520554643044813,0.033201318692371085,0.21065100368842568,-0.16325788412363956,-0.09502112422693651,0.1497782599906871,0.06696191319152674,0.08956409399562182,0.14542938134340144,0.3076584315250647,-0.08667644858993108,0.18946795873702232,-0.008890427328953628,-0.03250233399489062,0.08653893670772267,-0.04287613119229797,0.03259997231504474
2025-12-01,-0.13687835125057105,0.07044775603404047,0.0007790641388469334,0.005532516954218372,-0.10843809331044264,0.11315649722354848,-0.09557241710676384,-0.07659205450139588,-0.07246499493732447,-0.05833409770185366,-0.09760648201746519,0.019170573200682453,0.07947343191841787,0.022068349504567132,0.015101756452979506,-0.05800091221066983,-0.0759594581568952,-0.24565880647890997,0.05410585514585095,-0.1371363571186458,-0.13318791930166118,-0.1014299370858377,-0.11627570398082238,-0.03395664923983306,0.011610653472192567,0.2252250352117134,0.3353445020124242,-0.08835345413265813,-0.11701230552288536,-0.024816755344068662,-0.020919872415147964,-0.06778167217950669,-0.1794785615855129,0.04112195416493254,0.0554255650072672,-0.19195063348488411,-0.07735507713253947,0.09031495310002094,-0.10505233329815504,-0.08954768695903849,-0.052443177001708335,0.03360723997812857,-0.03720796823659779
2025-12-29,-0.004370036911589291,-0.06359083257913745,-0.02584040856179,-0.02014451651762478,0.09884339426205671,0.14303288120084662,0.05905575102616566,-0.040767118215363086,0.04297119215094516,-0.08760248630105709,-0.006279492491837773,0.008348680014142146,-0.013426739316083049,0.07757689724604946,0.03334232146852744,0.07630913946022655,-0.003535743530238119,-0.03146524708165678,0.12136462540954929,-0.022738635945961327,-0.12753331529821596,0.10840208198024973,0.4143184137012833,0.08829942654259904,-0.009740443302119914,-0.12683427878836442,-0.009328679817971905,-0.02356791137438038,0.01731063767542152,0.04146993395376302,0.14551926003740018,0.14279707316753915,0.07014291360596464,0.057869077385230464,-0.12192098368414553,0.13060410578658982,0.0041972950462321156,0.007379257252664577,-0.06492723547468887,-0.05824992917451579,-0.018151095527510337,-0.005693373294778756,-0.06004317125922841
2026-01-26,-0.1098780884596238,0.1313498765926262,0.00881164999500158,0.022395398896349485,-0.03915300441904168,0.027231878534113456,0.0938502225653535,-0.015132117701805437,0.40840139587124524,-0.0697378933209134,0.019285171092929432,-0.026325003524261953,-0.06020306248384841,0.33981835851152903,0.06755977976214234,0.10341804984987019,-0.03012600298596904,-0.17804401494320776,0.3916380423972051,-0.34911324713560127,-0.13441333412144124,-0.05527007228508912,0.3383116657849418,-0.10261672658312257,-0.06662240785173706,0.2864877920116855,-0.16429796622924622,-0.010738542524241106,-0.08559351364503548,-0.11754680932545415,-0.058889670326442954,0.12608770618581913,0.02758806031594388,-0.04000764651142939,-0.06381311116510707,-0.05938401419180672,-0.1201204344459886,0.07729702442095632,-0.008297387959653443,0.01545826311714047,-0.004102962361951436,0.07823826832318183,-0.09012162963210249
2026-02-23,0.08253014336899754,-0.16758823875436998,-0.003622046748506063,0.028747552188703035,-0.024419814861369807,-0.02645211911077288,-0.023767869050969948,0.2435708970375399,0.022207476645193736,0.0227577270641392,-0.07257745181824833,-0.011257501002986055,-0.01600235300620982,0.06993781474550462,0.032574094980502385,0.031077386091499376,0.03591860094337253,0.09200392645737138,0.1866659326520304,0.04149207949812481,0.15273765086289667,-0.03837964650555178,-0.03563683357128022,0.03170667725734333,-0.004002451016707334,0.0053241030172631355,-0.2900718267547999,0.03328247818957371,0.0032409244038879986,0.11294001495773351,-0.09492207675515338,-0.07604931921325263,-0.1851115838578452,-0.04166631295716407,0.06319902180745363,0.29570402691719355,-0.03185161458246831,0.028002397255054684,0.010160630619502028,-0.036642069930632154,0.004011357318330213,0.017113401367750893,0.030460878214449552
2026-03-23,-0.16102225005421555,0.12057312842164943,0.01671781822347123,0.08505601178200906,-0.07497256345713357,-0.10360686371026089,0.06538420787072335,0.11513123193588776,0.008923722512708156,0.1282715837806667,0.3018099183644525,0.011490588708878119,-0.08010426038984937,0.08043849117918142,-0.016121112335397175,0.4663007646372309,-0.06302771118149582,0.24686392995910356,0.08094756568445569,-0.16002912109136205,0.07349336692612227,-0.008823877352248002,-0.16079069472597401,-0.21043781811106965,-0.031757818622276224,0.2483639605099121,0.026031544555783354,-0.05160248086876133,-0.1265998533717594,0.13646798936408544,-0.027724756996915928,-0.1568590903187892,0.14181814371484286,-0.14575878304152576,0.056320139695668986,0.007834679634633475,-0.046804590455507625,-0.03938843474420202,0.09969493688406657,-0.07350711688573729,0.0018986510484425186,0.09937739154075295,-0.011833159608324775
2026-04-20,-0.15921934502177323,-0.039745283181167906,0.02963296518065494,0.030572499755745663,-0.0783346765762984,-0.0382881723001557,0.12538669513535244,0.01718058129842967,0.10091677426777526,0.025839067564775303,0.052017023600759785,-0.049164910142375055,-0.17698032406026923,0.058166251439191165,0.025250579160456737,-0.08079075286468101,-0.04613457490109357,-0.19756371060518438,-0.06852577546529802,-0.2297852029283329,-0.15549902417469214,-0.014134933950260553,-0.10527341342061103,0.09583240914791075,0.010996055840039716,0.4667572242980834,-0.03424599668132547,-0.008262312692191808,-0.1279849595662787,-0.04317296815555488,0.05564141681870591,-0.10672804457675433,0.18090843649608698,-0.025822191150661748,-0.04752945908310561,0.1930829729601412,-0.017823693589328754,0.07642754944676633,-0.06595749672049789,-0.06670522511023247,-0.04979921048073787,-0.025290087539715112,-0.02662142466817953
2026-05-18,-0.09330547976528328,0.03369241583271757,0.0030163630583326644,0.012223053970741478,0.018130745067413717,-0.04276058859852595,-0.07624103670837185,-0.033632498712621146,0.12372836774633468,-0.021395435071025287,0.08138865848418195,0.012679872841570159,0.06149372355711183,0.07884387958385336,0.09438852442146631,0.43222155478628665,0.006575018875797856,0.02399771213753908,-0.1383655673386907,0.040515238513196494,-0.09371412653185177,-0.09422890626456493,0.2024519766034596,-0.1406467828173631,-0.013966118554376857,-0.3439368075961715,-0.26558161264674374,-0.04936581782742187,0.2885278141273792,0.18625969971417677,-0.08918436550191042,-0.11330901484402175,0.06295053028877168,0.14409816776213621,0.009613459569769688,0.394607122780303,-0.18106289742426057,0.03692672911243271,0.006133921968910435,-0.06878475814453737,0.017410404553157455,0.011113481466576319,0.0469671259651471
2026-06-15,0.06514709175985162,-0.034909694246204784,0.012205266697393094,-0.006461138763215527,0.06149561755771266,-0.029706454359356607,-0.08186916327495875,0.08029071173159094,0.3243962390786226,0.11605034360211947,-0.13606943487315612,-0.11224874455678532,0.10518865796982135,0.2866919318004495,-0.09973674611136345,0.06282687567151471,-0.19181738265033754,0.11293438800670005,0.5871483236326642,0.0478517833654437,-0.17430550847201082,0.00951468413789007,0.42413399886278896,0.00806387246218844,0.027207914622462585,0.08496960680693616,0.13304614507740567,0.08887503939837763,-0.03078865389938341,0.15283896452356432,0.003343281479701185,-0.20314311529673515,0.007464658210646624,-0.024232931908844846,0.06429516755314327,-0.28680976603754793,-0.15068902634072634,0.03066793412623704,-0.06387502358185143,0.11576389552866233,-0.011424870208340578,-0.00731859747488537,0.00821580442367864
2026-07-13,0.024876494531882676,-0.13026883321812477,-0.0012477613616908058,-0.0009321696359602255,-0.03757298495102109,0.15374536533966385,0.06973713442419414,-0.12528812606561285,-0.2293094355227826,0.2855557954737469,0.16847497692200583,0.09982241295069404,-0.03278475614614077,-0.33229078395193357,0.15816833264552033,-0.382041731506091,-0.03628555590837107,0.3832289249540566,-0.10283985956574614,0.3144988872678529,-0.11433836596422084,0.05897402944764102,-0.15021592187706956,-0.21241774157593643,-0.059539956502968616,0.5342575543377532,-0.030730150338020956,-0.022859933161831634,0.04537199380455374,0.05421384222946311,-0.003425598910052556,-0.09377288993254486,0.2594010726071205,0.014096574956062577,0.05243729363903754,-0.31173057398437576,0.12370814589863167,-0.06891618844869554,-0.010782953395204499,0.04754276620358611,-0.0002077331623767005,0.010930258518546638,-0.08589319901185771
2026-08-10,-0.09277629207211147,-0.002521256253171133,-0.020005443139477164,-0.04711407916716976,0.10237784807953418,-0.04992532257014529,0.0512520601535224,-0.11170372182395444,0.00604660626445834,0.012339913109098433,-0.09214902709733465,-0.030791242716778192,-0.03855518890942073,-0.1530629281375256,-0.1339499677742468,-0.12105392362386719,0.12270342302690387,0.0937396698847716,-0.02849413561354985,0.2600667209459041,0.20184793472150267,0.13698260046649685,-0.0793339141787463,0.36579442189957634,-0.0032400770803315115,0.21974015233615102,-0.03705537245258272,-0.05496449519998084,-0.052559282655393336,0.1685754121130594,0.08225701457443119,0.3032525634337664,-0.21079538924026642,-0.10528050277435919,-0.04884796478613432,-0.06425123682385346,0.2779090740303699,-0.12738708504921667,0.004407639067016255,-0.038923960698971326,0.0778688625565717,0.0032157051709843605,0.007267638787305849
