stagger,ticker,iteration,candidate,t_stat,admissible
stagger_1,VST,1,XLB_residual,-0.02384929100227947,False
stagger_1,VST,1,XLC_residual,1.0835161048179491,False
stagger_1,VST,1,XLE_residual,-0.49202666165104475,False
stagger_1,VST,1,XLF_residual,-0.22217492663577487,False
stagger_1,VST,1,XLI_residual,1.031623772572534,False
stagger_1,VST,1,XLK_residual,0.7864080967104005,False
stagger_1,VST,1,XLP_residual,-2.037942409724296,True
stagger_1,VST,1,XLRE_residual,-2.881984897206539,True
stagger_1,VST,1,XLV_residual,-3.2281814325352336,True
stagger_1,VST,1,XLY_residual,1.240059335715963,False
stagger_1,VST,2,XLB_residual,0.9051572072902315,False
stagger_1,VST,2,XLC_residual,1.14249382509246,False
stagger_1,VST,2,XLE_residual,0.02078782379766112,False
stagger_1,VST,2,XLF_residual,0.49734156654821843,False
stagger_1,VST,2,XLI_residual,1.6381745799139085,False
stagger_1,VST,2,XLK_residual,-1.027181470515756,False
stagger_1,VST,2,XLP_residual,-0.6861944935763156,False
stagger_1,VST,2,XLRE_residual,-1.7651030556687002,False
stagger_1,VST,2,XLY_residual,0.4200466982212866,False
stagger_1,VIST,1,XLB_residual,-1.2881144038583223,False
stagger_1,VIST,1,XLC_residual,-1.5485587999684496,False
stagger_1,VIST,1,XLF_residual,-1.5530499672179245,False
stagger_1,VIST,1,XLI_residual,-1.075256514287754,False
stagger_1,VIST,1,XLK_residual,1.9954843832430418,False
stagger_1,VIST,1,XLP_residual,-1.8726598396855043,False
stagger_1,VIST,1,XLRE_residual,-1.90114347545453,False
stagger_1,VIST,1,XLU_residual,-1.0266377281635475,False
stagger_1,VIST,1,XLV_residual,-2.660257443621447,True
stagger_1,VIST,1,XLY_residual,0.8321387541865358,False
stagger_1,VIST,2,XLB_residual,-0.6146103379505808,False
stagger_1,VIST,2,XLC_residual,-1.6132453401390505,False
stagger_1,VIST,2,XLF_residual,-1.027735949758074,False
stagger_1,VIST,2,XLI_residual,-0.7014041618167739,False
stagger_1,VIST,2,XLK_residual,0.7365014180279171,False
stagger_1,VIST,2,XLP_residual,-0.7585471611825999,False
stagger_1,VIST,2,XLRE_residual,-0.9264294987024349,False
stagger_1,VIST,2,XLU_residual,-0.33861337984999434,False
stagger_1,VIST,2,XLY_residual,0.12616521381567788,False
stagger_1,AEP,1,XLB_residual,-1.1625595534158846,False
stagger_1,AEP,1,XLC_residual,-1.0246270054634445,False
stagger_1,AEP,1,XLE_residual,-0.524782356201979,False
stagger_1,AEP,1,XLF_residual,-0.22084861264058853,False
stagger_1,AEP,1,XLI_residual,-1.5051191692790298,False
stagger_1,AEP,1,XLK_residual,-0.6757946527773819,False
stagger_1,AEP,1,XLP_residual,1.1763836347502978,False
stagger_1,AEP,1,XLRE_residual,2.037466900081837,True
stagger_1,AEP,1,XLV_residual,1.9110297401252059,False
stagger_1,AEP,1,XLY_residual,-0.4757972610017442,False
stagger_1,AEP,2,XLB_residual,-2.227525431952822,True
stagger_1,AEP,2,XLC_residual,-1.0084255544622966,False
stagger_1,AEP,2,XLE_residual,-0.8302095734414396,False
stagger_1,AEP,2,XLF_residual,-0.7035568916256704,False
stagger_1,AEP,2,XLI_residual,-2.200987266979972,True
stagger_1,AEP,2,XLK_residual,0.35436241449651773,False
stagger_1,AEP,2,XLP_residual,0.07296943099109356,False
stagger_1,AEP,2,XLV_residual,1.1854317918627444,False
stagger_1,AEP,2,XLY_residual,-0.7233518083370061,False
stagger_1,AEP,3,XLC_residual,-1.1693767775793271,False
stagger_1,AEP,3,XLE_residual,-0.21768892003431087,False
stagger_1,AEP,3,XLF_residual,-0.048647699572628815,False
stagger_1,AEP,3,XLI_residual,-0.7559500297579572,False
stagger_1,AEP,3,XLK_residual,-0.4630261017732858,False
stagger_1,AEP,3,XLP_residual,0.8777919308742629,False
stagger_1,AEP,3,XLV_residual,1.542553883969327,False
stagger_1,AEP,3,XLY_residual,-1.039891722838325,False
stagger_1,ETR,1,XLB_residual,-0.5939801167738159,False
stagger_1,ETR,1,XLC_residual,0.39557273070154836,False
stagger_1,ETR,1,XLE_residual,0.09934805527917395,False
stagger_1,ETR,1,XLF_residual,0.3821385543207754,False
stagger_1,ETR,1,XLI_residual,-0.8985605183346738,False
stagger_1,ETR,1,XLK_residual,-0.34339183693214653,False
stagger_1,ETR,1,XLP_residual,0.07173288940111526,False
stagger_1,ETR,1,XLRE_residual,1.4961877732817677,False
stagger_1,ETR,1,XLV_residual,-0.7586260557820195,False
stagger_1,ETR,1,XLY_residual,1.3566718120679637,False
stagger_1,DIS,1,XLB_residual,-0.36114529262797423,False
stagger_1,DIS,1,XLE_residual,0.34715977966146955,False
stagger_1,DIS,1,XLF_residual,1.6182937324073148,False
stagger_1,DIS,1,XLI_residual,0.9612532134172427,False
stagger_1,DIS,1,XLK_residual,0.6236072146641927,False
stagger_1,DIS,1,XLP_residual,-1.5625551753214086,False
stagger_1,DIS,1,XLRE_residual,-1.651254942176564,False
stagger_1,DIS,1,XLU_residual,-1.6324794579185784,False
stagger_1,DIS,1,XLV_residual,-2.6188669681257344,True
stagger_1,DIS,1,XLY_residual,1.2367412369582351,False
stagger_1,DIS,2,XLB_residual,0.36280135512649964,False
stagger_1,DIS,2,XLE_residual,0.812740903193306,False
stagger_1,DIS,2,XLF_residual,2.3734170966986476,True
stagger_1,DIS,2,XLI_residual,1.4377017088412205,False
stagger_1,DIS,2,XLK_residual,-0.8642882027730773,False
stagger_1,DIS,2,XLP_residual,-0.43160791875316984,False
stagger_1,DIS,2,XLRE_residual,-0.6713583608155588,False
stagger_1,DIS,2,XLU_residual,-0.9865602975230574,False
stagger_1,DIS,2,XLY_residual,0.5659002868335419,False
stagger_1,DIS,3,XLB_residual,-0.4024223133390987,False
stagger_1,DIS,3,XLE_residual,0.2697460889040113,False
stagger_1,DIS,3,XLI_residual,0.7935257866976605,False
stagger_1,DIS,3,XLK_residual,0.5065795705589164,False
stagger_1,DIS,3,XLP_residual,-0.21685121213134043,False
stagger_1,DIS,3,XLRE_residual,-1.064403980400371,False
stagger_1,DIS,3,XLU_residual,-1.0959315955836741,False
stagger_1,DIS,3,XLY_residual,0.5015430352798856,False
stagger_1,CMG,1,XLB_residual,-0.29235161529875686,False
stagger_1,CMG,1,XLC_residual,1.4087526321582524,False
stagger_1,CMG,1,XLE_residual,-2.238341776800458,True
stagger_1,CMG,1,XLF_residual,-0.17605038359468256,False
stagger_1,CMG,1,XLI_residual,-0.46663601027100754,False
stagger_1,CMG,1,XLK_residual,0.48832701872400036,False
stagger_1,CMG,1,XLP_residual,1.5863466072832477,False
stagger_1,CMG,1,XLRE_residual,-0.4543573732584393,False
stagger_1,CMG,1,XLU_residual,0.4808273981756557,False
stagger_1,CMG,1,XLV_residual,0.27685330574204886,False
stagger_1,CMG,2,XLB_residual,0.4307247258213186,False
stagger_1,CMG,2,XLC_residual,1.6047587763307236,False
stagger_1,CMG,2,XLF_residual,0.438021222410701,False
stagger_1,CMG,2,XLI_residual,-0.08618428485543272,False
stagger_1,CMG,2,XLK_residual,-0.40819031090259245,False
stagger_1,CMG,2,XLP_residual,1.9529868480065213,False
stagger_1,CMG,2,XLRE_residual,-0.15445546639841493,False
stagger_1,CMG,2,XLU_residual,0.6730361364514439,False
stagger_1,CMG,2,XLV_residual,0.6696579540494566,False
stagger_1,AMZN,1,XLB_residual,-5.4751376616454985,True
stagger_1,AMZN,1,XLC_residual,1.3397984247797288,False
stagger_1,AMZN,1,XLE_residual,-0.5250282737415392,False
stagger_1,AMZN,1,XLF_residual,-2.578972649110702,True
stagger_1,AMZN,1,XLI_residual,-4.4609305312006144,True
stagger_1,AMZN,1,XLK_residual,2.237317564568351,True
stagger_1,AMZN,1,XLP_residual,-3.3849672095432317,True
stagger_1,AMZN,1,XLRE_residual,-3.180160952785199,True
stagger_1,AMZN,1,XLU_residual,-3.478328723546753,True
stagger_1,AMZN,1,XLV_residual,-3.079465687790338,True
stagger_1,AMZN,2,XLC_residual,1.230674525356426,False
stagger_1,AMZN,2,XLE_residual,1.1895614546150086,False
stagger_1,AMZN,2,XLF_residual,-1.0007124740326592,False
stagger_1,AMZN,2,XLI_residual,-0.5853778639068609,False
stagger_1,AMZN,2,XLK_residual,-0.10172278842262213,False
stagger_1,AMZN,2,XLP_residual,-1.2534377994615584,False
stagger_1,AMZN,2,XLRE_residual,-1.4735832000971052,False
stagger_1,AMZN,2,XLU_residual,-1.8036837367000016,False
stagger_1,AMZN,2,XLV_residual,-2.0179277529432573,True
stagger_1,AMZN,3,XLC_residual,1.2887539412200864,False
stagger_1,AMZN,3,XLE_residual,1.4011720340281186,False
stagger_1,AMZN,3,XLF_residual,-0.7464088680713878,False
stagger_1,AMZN,3,XLI_residual,-0.8121772754032985,False
stagger_1,AMZN,3,XLK_residual,-1.1923680130574836,False
stagger_1,AMZN,3,XLP_residual,-0.5153817954371057,False
stagger_1,AMZN,3,XLRE_residual,-0.8505361402923028,False
stagger_1,AMZN,3,XLU_residual,-1.4677750600243213,False
stagger_1,FIX,1,XLB_residual,-0.8905520594778913,False
stagger_1,FIX,1,XLC_residual,-1.5154166979607024,False
stagger_1,FIX,1,XLE_residual,-0.9992034921876404,False
stagger_1,FIX,1,XLF_residual,-3.009652682453552,True
stagger_1,FIX,1,XLK_residual,3.010324692343552,True
stagger_1,FIX,1,XLP_residual,-1.6998229782665226,False
stagger_1,FIX,1,XLRE_residual,-3.528194345432722,True
stagger_1,FIX,1,XLU_residual,-0.5480901366306121,False
stagger_1,FIX,1,XLV_residual,-3.2681260902622857,True
stagger_1,FIX,1,XLY_residual,0.6372350987693706,False
stagger_1,FIX,2,XLB_residual,0.48778905597239697,False
stagger_1,FIX,2,XLC_residual,-1.6914462197597855,False
stagger_1,FIX,2,XLE_residual,-0.5771438048398163,False
stagger_1,FIX,2,XLF_residual,-2.399903201566052,True
stagger_1,FIX,2,XLK_residual,1.5449434560115196,False
stagger_1,FIX,2,XLP_residual,0.20261736708652872,False
stagger_1,FIX,2,XLU_residual,1.4533932977584842,False
stagger_1,FIX,2,XLV_residual,-2.068984312979425,True
stagger_1,FIX,2,XLY_residual,1.0969000861293285,False
stagger_1,FIX,3,XLB_residual,1.3012864744910275,False
stagger_1,FIX,3,XLC_residual,-1.6048078188400456,False
stagger_1,FIX,3,XLE_residual,-0.003033545178929693,False
stagger_1,FIX,3,XLK_residual,0.30941919615474284,False
stagger_1,FIX,3,XLP_residual,-0.10163267372744986,False
stagger_1,FIX,3,XLU_residual,1.4277438972447705,False
stagger_1,FIX,3,XLV_residual,-1.777334398029076,False
stagger_1,FIX,3,XLY_residual,0.9899292479790553,False
stagger_1,STX,1,XLB_residual,1.915787729489948,False
stagger_1,STX,1,XLC_residual,-0.9152155280047699,False
stagger_1,STX,1,XLE_residual,2.4079703055975528,True
stagger_1,STX,1,XLF_residual,-0.022237851883211014,False
stagger_1,STX,1,XLI_residual,2.2331391109028824,True
stagger_1,STX,1,XLP_residual,-0.36300069088272224,False
stagger_1,STX,1,XLRE_residual,-0.2291516880398619,False
stagger_1,STX,1,XLU_residual,-1.3112277864957056,False
stagger_1,STX,1,XLV_residual,-0.4780008631781456,False
stagger_1,STX,1,XLY_residual,-1.0404089862927404,False
stagger_1,STX,2,XLB_residual,1.243372104473385,False
stagger_1,STX,2,XLC_residual,-1.1091390706786801,False
stagger_1,STX,2,XLF_residual,-0.6982185336840852,False
stagger_1,STX,2,XLI_residual,1.877441926065349,False
stagger_1,STX,2,XLP_residual,-0.6932456315145082,False
stagger_1,STX,2,XLRE_residual,-0.5787318020451752,False
stagger_1,STX,2,XLU_residual,-1.5546249961944685,False
stagger_1,STX,2,XLV_residual,-0.9123294377761918,False
stagger_1,STX,2,XLY_residual,-0.5014485796599853,False
stagger_1,VLO,1,XLB_residual,-0.3128055667156744,False
stagger_1,VLO,1,XLC_residual,-0.2852113917935724,False
stagger_1,VLO,1,XLF_residual,1.4479549782692276,False
stagger_1,VLO,1,XLI_residual,0.8939148839883693,False
stagger_1,VLO,1,XLK_residual,0.024237157933529884,False
stagger_1,VLO,1,XLP_residual,-1.0672203249824292,False
stagger_1,VLO,1,XLRE_residual,-0.18702909350002647,False
stagger_1,VLO,1,XLU_residual,0.140652392135251,False
stagger_1,VLO,1,XLV_residual,-0.285662453902716,False
stagger_1,VLO,1,XLY_residual,-0.41351893536791284,False
stagger_1,CF,1,XLC_residual,0.5510883991015693,False
stagger_1,CF,1,XLE_residual,5.913169900133074,True
stagger_1,CF,1,XLF_residual,0.9356695547229755,False
stagger_1,CF,1,XLI_residual,-0.509518001888825,False
stagger_1,CF,1,XLK_residual,-1.6838547546090061,False
stagger_1,CF,1,XLP_residual,-0.49191001193467404,False
stagger_1,CF,1,XLRE_residual,0.621229904824298,False
stagger_1,CF,1,XLU_residual,0.749452228029868,False
stagger_1,CF,1,XLV_residual,-0.8485147017760023,False
stagger_1,CF,1,XLY_residual,0.7041919301803395,False
stagger_1,CF,2,XLC_residual,0.264472333174434,False
stagger_1,CF,2,XLF_residual,-0.49592300558307273,False
stagger_1,CF,2,XLI_residual,-1.7034178296661862,False
stagger_1,CF,2,XLK_residual,0.3623461432564602,False
stagger_1,CF,2,XLP_residual,-1.3810878045151624,False
stagger_1,CF,2,XLRE_residual,-0.08459958360605847,False
stagger_1,CF,2,XLU_residual,0.4276311764971347,False
stagger_1,CF,2,XLV_residual,-2.084826389163622,True
stagger_1,CF,2,XLY_residual,2.4151015520114405,True
stagger_1,CF,3,XLC_residual,-0.5824755737264924,False
stagger_1,CF,3,XLF_residual,-0.6014742368254409,False
stagger_1,CF,3,XLI_residual,-1.5557560880359655,False
stagger_1,CF,3,XLK_residual,1.1924700997601252,False
stagger_1,CF,3,XLP_residual,-1.2156376872570485,False
stagger_1,CF,3,XLRE_residual,-0.46399203370909775,False
stagger_1,CF,3,XLU_residual,0.517990908546598,False
stagger_1,CF,3,XLV_residual,-1.5646070486505954,False
stagger_1,NTR,1,XLC_residual,1.0005600733231084,False
stagger_1,NTR,1,XLE_residual,2.576544428489633,True
stagger_1,NTR,1,XLF_residual,0.6914492902513992,False
stagger_1,NTR,1,XLI_residual,0.03510304120136343,False
stagger_1,NTR,1,XLK_residual,-2.1117228121776166,True
stagger_1,NTR,1,XLP_residual,0.358880148942418,False
stagger_1,NTR,1,XLRE_residual,0.6012621846506926,False
stagger_1,NTR,1,XLU_residual,2.086681922314254,True
stagger_1,NTR,1,XLV_residual,0.5821640086002332,False
stagger_1,NTR,1,XLY_residual,0.6580082707544843,False
stagger_1,NTR,2,XLC_residual,0.8634326814730559,False
stagger_1,NTR,2,XLF_residual,0.02179464491750483,False
stagger_1,NTR,2,XLI_residual,-0.4229541287067268,False
stagger_1,NTR,2,XLK_residual,-1.2288179784118096,False
stagger_1,NTR,2,XLP_residual,0.03794725042629913,False
stagger_1,NTR,2,XLRE_residual,0.2642350343152386,False
stagger_1,NTR,2,XLU_residual,1.9507922246460139,False
stagger_1,NTR,2,XLV_residual,0.17258482917881282,False
stagger_1,NTR,2,XLY_residual,1.353421481295021,False
stagger_1,LNN,1,XLB_residual,0.22221270954064842,False
stagger_1,LNN,1,XLC_residual,1.7220106029593385,False
stagger_1,LNN,1,XLE_residual,-1.7099879078620872,False
stagger_1,LNN,1,XLF_residual,0.6024076117228485,False
stagger_1,LNN,1,XLK_residual,0.3276949232577727,False
stagger_1,LNN,1,XLP_residual,0.858891700541593,False
stagger_1,LNN,1,XLRE_residual,-0.7522901349124217,False
stagger_1,LNN,1,XLU_residual,-0.1623911641356994,False
stagger_1,LNN,1,XLV_residual,0.51972193776925,False
stagger_1,LNN,1,XLY_residual,1.7887109753046053,False
stagger_1,WDC,1,XLB_residual,2.796909568212161,True
stagger_1,WDC,1,XLC_residual,-0.8540127110339986,False
stagger_1,WDC,1,XLE_residual,1.1638758799532127,False
stagger_1,WDC,1,XLF_residual,0.6312341495380374,False
stagger_1,WDC,1,XLI_residual,3.3190552276311007,True
stagger_1,WDC,1,XLP_residual,-0.40575168131175354,False
stagger_1,WDC,1,XLRE_residual,-0.4905331600852779,False
stagger_1,WDC,1,XLU_residual,-0.13082795909373546,False
stagger_1,WDC,1,XLV_residual,-0.9851269989392578,False
stagger_1,WDC,1,XLY_residual,-0.6539822857162654,False
stagger_1,WDC,2,XLB_residual,0.36810234540898096,False
stagger_1,WDC,2,XLC_residual,-0.4418363807423917,False
stagger_1,WDC,2,XLE_residual,0.6543826003732421,False
stagger_1,WDC,2,XLF_residual,-0.42199710696661896,False
stagger_1,WDC,2,XLP_residual,-2.091800507233862,True
stagger_1,WDC,2,XLRE_residual,-1.4794761220200625,False
stagger_1,WDC,2,XLU_residual,-1.522427574300885,False
stagger_1,WDC,2,XLV_residual,-1.6056787273544095,False
stagger_1,WDC,2,XLY_residual,-0.295625749846504,False
stagger_1,WDC,3,XLB_residual,0.9421824044064627,False
stagger_1,WDC,3,XLC_residual,-0.17033097755345195,False
stagger_1,WDC,3,XLE_residual,0.7992948379162974,False
stagger_1,WDC,3,XLF_residual,-0.7243299460187608,False
stagger_1,WDC,3,XLRE_residual,-0.5043825570027701,False
stagger_1,WDC,3,XLU_residual,-0.7392361648865873,False
stagger_1,WDC,3,XLV_residual,-0.7683687417396267,False
stagger_1,WDC,3,XLY_residual,-0.4481539254900832,False
stagger_1,ASND,1,XLB_residual,-1.3146166882865722,False
stagger_1,ASND,1,XLC_residual,0.756551021729255,False
stagger_1,ASND,1,XLE_residual,1.142344357896046,False
stagger_1,ASND,1,XLF_residual,0.3199763010639489,False
stagger_1,ASND,1,XLI_residual,-0.8876411808150424,False
stagger_1,ASND,1,XLK_residual,-0.3678185525070217,False
stagger_1,ASND,1,XLP_residual,-0.38614815773144007,False
stagger_1,ASND,1,XLRE_residual,0.009962066125895066,False
stagger_1,ASND,1,XLU_residual,-0.6400198203008215,False
stagger_1,ASND,1,XLY_residual,0.07908948771045939,False
stagger_1,DOCN,1,XLB_residual,1.147348180923568,False
stagger_1,DOCN,1,XLC_residual,-0.8086095246652297,False
stagger_1,DOCN,1,XLE_residual,2.855960812458599,True
stagger_1,DOCN,1,XLF_residual,0.1139788953869994,False
stagger_1,DOCN,1,XLI_residual,-0.2339259987267954,False
stagger_1,DOCN,1,XLP_residual,-0.3821018951465423,False
stagger_1,DOCN,1,XLRE_residual,0.9900224657530038,False
stagger_1,DOCN,1,XLU_residual,0.7529796148871105,False
stagger_1,DOCN,1,XLV_residual,0.598802251590177,False
stagger_1,DOCN,1,XLY_residual,-0.04828315634253975,False
stagger_1,DOCN,2,XLB_residual,0.2637690772406268,False
stagger_1,DOCN,2,XLC_residual,-0.94611845507518,False
stagger_1,DOCN,2,XLF_residual,-0.5441276936688094,False
stagger_1,DOCN,2,XLI_residual,-0.7343748828334613,False
stagger_1,DOCN,2,XLP_residual,-0.860747330292243,False
stagger_1,DOCN,2,XLRE_residual,0.5509261275997829,False
stagger_1,DOCN,2,XLU_residual,0.4086720164627733,False
stagger_1,DOCN,2,XLV_residual,0.10149094302059551,False
stagger_1,DOCN,2,XLY_residual,0.5572345486477147,False
stagger_1,CME,1,XLB_residual,0.6243687149107786,False
stagger_1,CME,1,XLC_residual,1.8933261796889185,False
stagger_1,CME,1,XLE_residual,2.6044417351236,True
stagger_1,CME,1,XLI_residual,1.2016579995106509,False
stagger_1,CME,1,XLK_residual,-2.275830343382436,True
stagger_1,CME,1,XLP_residual,2.655901129226975,True
stagger_1,CME,1,XLRE_residual,0.5364760178428235,False
stagger_1,CME,1,XLU_residual,1.1316179778952606,False
stagger_1,CME,1,XLV_residual,0.9069689800170487,False
stagger_1,CME,1,XLY_residual,0.21320161947648258,False
stagger_1,CME,2,XLB_residual,-0.7060783783840004,False
stagger_1,CME,2,XLC_residual,1.7994176562290651,False
stagger_1,CME,2,XLE_residual,2.347070435866088,True
stagger_1,CME,2,XLI_residual,0.1190125875116027,False
stagger_1,CME,2,XLK_residual,-1.1296886684270675,False
stagger_1,CME,2,XLRE_residual,-1.1113662627317737,False
stagger_1,CME,2,XLU_residual,-0.2070546965192778,False
stagger_1,CME,2,XLV_residual,-0.3328848967539935,False
stagger_1,CME,2,XLY_residual,0.5268779995583832,False
stagger_1,CME,3,XLB_residual,-1.495301926861758,False
stagger_1,CME,3,XLC_residual,1.7084864249885336,False
stagger_1,CME,3,XLI_residual,-0.1940648502184482,False
stagger_1,CME,3,XLK_residual,-0.28312571737196685,False
stagger_1,CME,3,XLRE_residual,-1.3460995553457684,False
stagger_1,CME,3,XLU_residual,-0.2491272056136177,False
stagger_1,CME,3,XLV_residual,-0.6348094251843956,False
stagger_1,CME,3,XLY_residual,1.116697541001884,False
stagger_1,NET,1,XLB_residual,-0.9590824266150821,False
stagger_1,NET,1,XLC_residual,0.9661935975256087,False
stagger_1,NET,1,XLE_residual,1.0226760755250393,False
stagger_1,NET,1,XLF_residual,1.192748579270461,False
stagger_1,NET,1,XLI_residual,-0.3901940480452322,False
stagger_1,NET,1,XLP_residual,-2.283231079351405,True
stagger_1,NET,1,XLRE_residual,0.3485142568059925,False
stagger_1,NET,1,XLU_residual,-0.3136210395949683,False
stagger_1,NET,1,XLV_residual,-1.3450331791379946,False
stagger_1,NET,1,XLY_residual,2.8752458949634785,True
stagger_1,NET,2,XLB_residual,-0.7963446691296477,False
stagger_1,NET,2,XLC_residual,0.11182115186247198,False
stagger_1,NET,2,XLE_residual,1.8450496780940213,False
stagger_1,NET,2,XLF_residual,1.3383205456652514,False
stagger_1,NET,2,XLI_residual,-0.06215747017405725,False
stagger_1,NET,2,XLP_residual,-2.0504043194723685,True
stagger_1,NET,2,XLRE_residual,0.03712705506684729,False
stagger_1,NET,2,XLU_residual,-0.18453638060917754,False
stagger_1,NET,2,XLV_residual,-0.6172134881798182,False
stagger_1,NET,3,XLB_residual,0.1804005659892902,False
stagger_1,NET,3,XLC_residual,0.32551983591973704,False
stagger_1,NET,3,XLE_residual,2.1318875576560066,True
stagger_1,NET,3,XLF_residual,1.4041678551530754,False
stagger_1,NET,3,XLI_residual,0.875546258294826,False
stagger_1,NET,3,XLRE_residual,1.5117015807907923,False
stagger_1,NET,3,XLU_residual,0.9862876866798335,False
stagger_1,NET,3,XLV_residual,0.3365204193506397,False
stagger_1,NET,4,XLB_residual,-0.4668616217571581,False
stagger_1,NET,4,XLC_residual,0.024037993394350324,False
stagger_1,NET,4,XLF_residual,0.8811943739465442,False
stagger_1,NET,4,XLI_residual,0.6431227384631337,False
stagger_1,NET,4,XLRE_residual,1.2539001513015016,False
stagger_1,NET,4,XLU_residual,0.9700582102775371,False
stagger_1,NET,4,XLV_residual,0.2014097319091436,False
stagger_1,MRNA,1,XLB_residual,1.310366535745811,False
stagger_1,MRNA,1,XLC_residual,-1.1075455802026515,False
stagger_1,MRNA,1,XLE_residual,-0.5513167439835538,False
stagger_1,MRNA,1,XLF_residual,-1.1370351856034207,False
stagger_1,MRNA,1,XLI_residual,1.6026187308299715,False
stagger_1,MRNA,1,XLK_residual,1.251400803896193,False
stagger_1,MRNA,1,XLP_residual,0.02219017686465455,False
stagger_1,MRNA,1,XLRE_residual,-0.5824802444946798,False
stagger_1,MRNA,1,XLU_residual,1.0394230081513645,False
stagger_1,MRNA,1,XLY_residual,-0.7887289440044203,False
stagger_1,AXON,1,XLB_residual,-1.1067370835572465,False
stagger_1,AXON,1,XLC_residual,1.944770427152493,False
stagger_1,AXON,1,XLE_residual,-0.25369828472822153,False
stagger_1,AXON,1,XLF_residual,1.8118477006046596,False
stagger_1,AXON,1,XLK_residual,-1.196475676574699,False
stagger_1,AXON,1,XLP_residual,-0.5535933428980626,False
stagger_1,AXON,1,XLRE_residual,0.1891736923893057,False
stagger_1,AXON,1,XLU_residual,-0.013487106234904176,False
stagger_1,AXON,1,XLV_residual,0.5938659532126828,False
stagger_1,AXON,1,XLY_residual,2.0174395717090103,True
stagger_1,AXON,2,XLB_residual,-0.983829092652082,False
stagger_1,AXON,2,XLC_residual,1.3928322733549972,False
stagger_1,AXON,2,XLE_residual,0.23305334600668143,False
stagger_1,AXON,2,XLF_residual,1.9150742326432013,False
stagger_1,AXON,2,XLK_residual,-0.8590504515572117,False
stagger_1,AXON,2,XLP_residual,-0.3366345822098346,False
stagger_1,AXON,2,XLRE_residual,-0.036927587224395396,False
stagger_1,AXON,2,XLU_residual,0.0868675209772846,False
stagger_1,AXON,2,XLV_residual,1.22398809836282,False
stagger_1,NFLX,1,XLB_residual,-0.08030536980705795,False
stagger_1,NFLX,1,XLE_residual,-0.8070006809282366,False
stagger_1,NFLX,1,XLF_residual,-1.1795120460802722,False
stagger_1,NFLX,1,XLI_residual,0.38505458085264005,False
stagger_1,NFLX,1,XLK_residual,1.4098124872424904,False
stagger_1,NFLX,1,XLP_residual,0.23979272993312947,False
stagger_1,NFLX,1,XLRE_residual,-0.43196361336446065,False
stagger_1,NFLX,1,XLU_residual,2.166697071385567,True
stagger_1,NFLX,1,XLV_residual,-1.1306618954918777,False
stagger_1,NFLX,1,XLY_residual,0.6757765730942683,False
stagger_1,NFLX,2,XLB_residual,-1.0289720237249644,False
stagger_1,NFLX,2,XLE_residual,-1.002975274397614,False
stagger_1,NFLX,2,XLF_residual,-1.420723676265367,False
stagger_1,NFLX,2,XLI_residual,-0.45664702314406924,False
stagger_1,NFLX,2,XLK_residual,2.5099876358001034,True
stagger_1,NFLX,2,XLP_residual,-0.993935037021759,False
stagger_1,NFLX,2,XLRE_residual,-1.8563323735734685,False
stagger_1,NFLX,2,XLV_residual,-1.855814923530616,False
stagger_1,NFLX,2,XLY_residual,0.8015887314690588,False
stagger_1,NFLX,3,XLB_residual,-0.0869622753914036,False
stagger_1,NFLX,3,XLE_residual,-0.052752223327916514,False
stagger_1,NFLX,3,XLF_residual,0.019159607083531153,False
stagger_1,NFLX,3,XLI_residual,0.1666752496708011,False
stagger_1,NFLX,3,XLP_residual,-0.06667127589721693,False
stagger_1,NFLX,3,XLRE_residual,-1.0239067797017376,False
stagger_1,NFLX,3,XLV_residual,-0.7861256892656727,False
stagger_1,NFLX,3,XLY_residual,1.423177385476955,False
stagger_1,CMCSA,1,XLB_residual,2.5246807904885307,True
stagger_1,CMCSA,1,XLE_residual,3.2182376716859324,True
stagger_1,CMCSA,1,XLF_residual,2.5716645309878983,True
stagger_1,CMCSA,1,XLI_residual,2.025896014994397,True
stagger_1,CMCSA,1,XLK_residual,-2.7811187098285974,True
stagger_1,CMCSA,1,XLP_residual,2.4312514693122975,True
stagger_1,CMCSA,1,XLRE_residual,2.1405922463887794,True
stagger_1,CMCSA,1,XLU_residual,1.0665705042329912,False
stagger_1,CMCSA,1,XLV_residual,2.068418248370852,True
stagger_1,CMCSA,1,XLY_residual,-1.5832918311300814,False
stagger_1,CMCSA,2,XLB_residual,1.6639805912194245,False
stagger_1,CMCSA,2,XLF_residual,1.8537458624623813,False
stagger_1,CMCSA,2,XLI_residual,1.572326932772578,False
stagger_1,CMCSA,2,XLK_residual,-1.715115133088998,False
stagger_1,CMCSA,2,XLP_residual,2.140959088338288,True
stagger_1,CMCSA,2,XLRE_residual,1.8056393505894806,False
stagger_1,CMCSA,2,XLU_residual,0.8725280473153297,False
stagger_1,CMCSA,2,XLV_residual,1.6422459925739405,False
stagger_1,CMCSA,2,XLY_residual,-0.9066640046900041,False
stagger_1,CMCSA,3,XLB_residual,0.7732885005984976,False
stagger_1,CMCSA,3,XLF_residual,1.932081316887022,False
stagger_1,CMCSA,3,XLI_residual,0.7736478029275953,False
stagger_1,CMCSA,3,XLK_residual,-0.781152506589922,False
stagger_1,CMCSA,3,XLRE_residual,0.7693251700231061,False
stagger_1,CMCSA,3,XLU_residual,-0.2142027776774479,False
stagger_1,CMCSA,3,XLV_residual,0.7706709250171315,False
stagger_1,CMCSA,3,XLY_residual,-0.7448634957296262,False
stagger_1,MU,1,XLB_residual,1.9327838545587075,False
stagger_1,MU,1,XLC_residual,-1.090964887067903,False
stagger_1,MU,1,XLE_residual,2.1975918928448412,True
stagger_1,MU,1,XLF_residual,1.2939332060158377,False
stagger_1,MU,1,XLI_residual,1.9510763195265004,False
stagger_1,MU,1,XLP_residual,-0.1918140829489019,False
stagger_1,MU,1,XLRE_residual,-0.8477459016438861,False
stagger_1,MU,1,XLU_residual,-0.9343761512178267,False
stagger_1,MU,1,XLV_residual,1.2597028283596916,False
stagger_1,MU,1,XLY_residual,-2.541935917704924,True
stagger_1,MU,2,XLB_residual,1.8127285417108112,False
stagger_1,MU,2,XLC_residual,-0.3436945517735256,False
stagger_1,MU,2,XLE_residual,1.6726944354539242,False
stagger_1,MU,2,XLF_residual,1.2598460748750857,False
stagger_1,MU,2,XLI_residual,1.707957277233789,False
stagger_1,MU,2,XLP_residual,-0.490662599149228,False
stagger_1,MU,2,XLRE_residual,-0.5885677360269737,False
stagger_1,MU,2,XLU_residual,-1.0971669221325429,False
stagger_1,MU,2,XLV_residual,0.6093407234055667,False
stagger_1,NEM,1,XLC_residual,-0.01636213211904281,False
stagger_1,NEM,1,XLE_residual,-1.621029853558478,False
stagger_1,NEM,1,XLF_residual,-1.9451977663986546,False
stagger_1,NEM,1,XLI_residual,-0.34813220420824936,False
stagger_1,NEM,1,XLK_residual,0.3961951979640661,False
stagger_1,NEM,1,XLP_residual,-0.20842278830763392,False
stagger_1,NEM,1,XLRE_residual,-1.2637090424768818,False
stagger_1,NEM,1,XLU_residual,0.2582689209868424,False
stagger_1,NEM,1,XLV_residual,1.1870555602938269,False
stagger_1,NEM,1,XLY_residual,-1.0796985110728847,False
stagger_1,PGR,1,XLB_residual,2.240275310458111,True
stagger_1,PGR,1,XLC_residual,1.6844164031641704,False
stagger_1,PGR,1,XLE_residual,-0.3883780726659069,False
stagger_1,PGR,1,XLI_residual,1.65447987270951,False
stagger_1,PGR,1,XLK_residual,-1.1572982593803114,False
stagger_1,PGR,1,XLP_residual,3.361380546184708,True
stagger_1,PGR,1,XLRE_residual,1.332722393693583,False
stagger_1,PGR,1,XLU_residual,1.5528693842539507,False
stagger_1,PGR,1,XLV_residual,1.4867464256161234,False
stagger_1,PGR,1,XLY_residual,-1.145501206648437,False
stagger_1,PGR,2,XLB_residual,0.8108743297980208,False
stagger_1,PGR,2,XLC_residual,1.5829209892057936,False
stagger_1,PGR,2,XLE_residual,-0.8589524132909508,False
stagger_1,PGR,2,XLI_residual,0.3336822489287207,False
stagger_1,PGR,2,XLK_residual,0.5137166027350238,False
stagger_1,PGR,2,XLRE_residual,-0.5560515757108893,False
stagger_1,PGR,2,XLU_residual,-0.08539933520320156,False
stagger_1,PGR,2,XLV_residual,0.0016496540411394954,False
stagger_1,PGR,2,XLY_residual,-0.8354675186790187,False
stagger_1,ORKA,1,XLB_residual,-0.7417210371022431,False
stagger_1,ORKA,1,XLC_residual,-2.360925597663029,True
stagger_1,ORKA,1,XLE_residual,0.6326473326175712,False
stagger_1,ORKA,1,XLF_residual,-1.1020986832372346,False
stagger_1,ORKA,1,XLI_residual,0.1499926950334265,False
stagger_1,ORKA,1,XLK_residual,0.5774121359590945,False
stagger_1,ORKA,1,XLP_residual,-1.2443785211391896,False
stagger_1,ORKA,1,XLRE_residual,-0.7886882763322515,False
stagger_1,ORKA,1,XLU_residual,0.6543798308688262,False
stagger_1,ORKA,1,XLY_residual,-1.5515488496670706,False
stagger_1,ORKA,2,XLB_residual,-0.909870700481819,False
stagger_1,ORKA,2,XLE_residual,0.8115260709253144,False
stagger_1,ORKA,2,XLF_residual,-1.012960572818327,False
stagger_1,ORKA,2,XLI_residual,-0.17863059757569072,False
stagger_1,ORKA,2,XLK_residual,-0.30461545843138155,False
stagger_1,ORKA,2,XLP_residual,-1.1353904135191308,False
stagger_1,ORKA,2,XLRE_residual,-0.8539500503873818,False
stagger_1,ORKA,2,XLU_residual,0.39503241941710215,False
stagger_1,ORKA,2,XLY_residual,-0.883691058406012,False
stagger_1,UPST,1,XLB_residual,-0.7337323307624176,False
stagger_1,UPST,1,XLC_residual,0.8759556422575735,False
stagger_1,UPST,1,XLE_residual,-1.809910594078022,False
stagger_1,UPST,1,XLI_residual,-0.8149557544706678,False
stagger_1,UPST,1,XLK_residual,1.399232906095633,False
stagger_1,UPST,1,XLP_residual,-2.1819469277824144,True
stagger_1,UPST,1,XLRE_residual,0.11571277661806847,False
stagger_1,UPST,1,XLU_residual,-1.3546931638610946,False
stagger_1,UPST,1,XLV_residual,-2.207168305559019,True
stagger_1,UPST,1,XLY_residual,2.0777502267423333,True
stagger_1,UPST,2,XLB_residual,-0.16283847910825083,False
stagger_1,UPST,2,XLC_residual,0.8969943704241345,False
stagger_1,UPST,2,XLE_residual,-1.4801734159658595,False
stagger_1,UPST,2,XLI_residual,-0.48567518329497045,False
stagger_1,UPST,2,XLK_residual,0.31294049185915235,False
stagger_1,UPST,2,XLP_residual,-1.3119182710248003,False
stagger_1,UPST,2,XLRE_residual,1.153841739133008,False
stagger_1,UPST,2,XLU_residual,-0.8088015544174461,False
stagger_1,UPST,2,XLY_residual,1.5241837426059746,False
stagger_1,PG,1,XLB_residual,-0.5087011306554032,False
stagger_1,PG,1,XLC_residual,-0.2442881089069051,False
stagger_1,PG,1,XLE_residual,-3.2914552868911926,True
stagger_1,PG,1,XLF_residual,-0.2364595616579498,False
stagger_1,PG,1,XLI_residual,0.9474585758797085,False
stagger_1,PG,1,XLK_residual,1.0630003256810534,False
stagger_1,PG,1,XLRE_residual,-0.9176873924620588,False
stagger_1,PG,1,XLU_residual,-0.43401465011125134,False
stagger_1,PG,1,XLV_residual,-1.3053032714021169,False
stagger_1,PG,1,XLY_residual,0.9179904851841284,False
stagger_1,PG,2,XLB_residual,0.530106937975846,False
stagger_1,PG,2,XLC_residual,-0.039757651051528724,False
stagger_1,PG,2,XLF_residual,0.6603943611222183,False
stagger_1,PG,2,XLI_residual,1.629042682477575,False
stagger_1,PG,2,XLK_residual,-0.18180444053785996,False
stagger_1,PG,2,XLRE_residual,-0.514735838422793,False
stagger_1,PG,2,XLU_residual,-0.20030275154317675,False
stagger_1,PG,2,XLV_residual,-0.8340065529329437,False
stagger_1,PG,2,XLY_residual,0.18313484203345393,False
stagger_1,F,1,XLB_residual,-0.7029689040359434,False
stagger_1,F,1,XLC_residual,-1.466701483609683,False
stagger_1,F,1,XLE_residual,1.657268663889788,False
stagger_1,F,1,XLF_residual,0.7055991499515396,False
stagger_1,F,1,XLI_residual,0.2968227506299264,False
stagger_1,F,1,XLK_residual,-0.641298378051708,False
stagger_1,F,1,XLP_residual,-0.06553236436765686,False
stagger_1,F,1,XLRE_residual,0.4653826361892318,False
stagger_1,F,1,XLU_residual,-0.4849306826388229,False
stagger_1,F,1,XLV_residual,1.34282341346105,False
stagger_1,HPE,1,XLB_residual,1.2341999677344628,False
stagger_1,HPE,1,XLC_residual,-2.402806116235873,True
stagger_1,HPE,1,XLE_residual,2.6128958246141814,True
stagger_1,HPE,1,XLF_residual,3.1354304510025415,True
stagger_1,HPE,1,XLI_residual,1.1370299432349975,False
stagger_1,HPE,1,XLP_residual,-1.2535287830863966,False
stagger_1,HPE,1,XLRE_residual,-1.0971730800517543,False
stagger_1,HPE,1,XLU_residual,-0.11769756235035769,False
stagger_1,HPE,1,XLV_residual,0.07667057687783894,False
stagger_1,HPE,1,XLY_residual,-1.7161579481058904,False
stagger_1,HPE,2,XLB_residual,0.17411524356249913,False
stagger_1,HPE,2,XLC_residual,-2.7302192149945266,True
stagger_1,HPE,2,XLE_residual,1.9125037512472973,False
stagger_1,HPE,2,XLI_residual,0.19122893608144267,False
stagger_1,HPE,2,XLP_residual,-1.3919664886459524,False
stagger_1,HPE,2,XLRE_residual,-1.9484078157235882,False
stagger_1,HPE,2,XLU_residual,-0.416230566797343,False
stagger_1,HPE,2,XLV_residual,-0.6351551705427525,False
stagger_1,HPE,2,XLY_residual,-1.7134956631833294,False
stagger_1,HPE,3,XLB_residual,-0.050649963891103926,False
stagger_1,HPE,3,XLE_residual,2.1611381955716853,True
stagger_1,HPE,3,XLI_residual,-0.25731448972893517,False
stagger_1,HPE,3,XLP_residual,-1.2832790832384997,False
stagger_1,HPE,3,XLRE_residual,-2.1221986966543844,True
stagger_1,HPE,3,XLU_residual,-0.7795232118103637,False
stagger_1,HPE,3,XLV_residual,-0.6974327899140145,False
stagger_1,HPE,3,XLY_residual,-0.9457078966363034,False
stagger_1,HPE,4,XLB_residual,-0.6127603609299148,False
stagger_1,HPE,4,XLI_residual,-0.5004598652344553,False
stagger_1,HPE,4,XLP_residual,-1.6108474645942703,False
stagger_1,HPE,4,XLRE_residual,-2.390354897691168,True
stagger_1,HPE,4,XLU_residual,-0.939854923356161,False
stagger_1,HPE,4,XLV_residual,-0.9727380406798302,False
stagger_1,HPE,4,XLY_residual,-0.38799489708332613,False
stagger_1,HPE,5,XLB_residual,0.18160504662930455,False
stagger_1,HPE,5,XLI_residual,-0.034858275031807835,False
stagger_1,HPE,5,XLP_residual,-0.3488353674298806,False
stagger_1,HPE,5,XLU_residual,0.28652106051019466,False
stagger_1,HPE,5,XLV_residual,-0.115637128961755,False
stagger_1,HPE,5,XLY_residual,0.01032022698642596,False
stagger_1,BA,1,XLB_residual,-1.2299123596713994,False
stagger_1,BA,1,XLC_residual,-0.5219223282668684,False
stagger_1,BA,1,XLE_residual,-2.5208518245243656,True
stagger_1,BA,1,XLF_residual,1.151844587832467,False
stagger_1,BA,1,XLK_residual,0.7210616968491076,False
stagger_1,BA,1,XLP_residual,-1.2843787089234973,False
stagger_1,BA,1,XLRE_residual,-1.4872777164434594,False
stagger_1,BA,1,XLU_residual,-1.3548682275005808,False
stagger_1,BA,1,XLV_residual,-1.4822710166878765,False
stagger_1,BA,1,XLY_residual,0.1411291272222195,False
stagger_1,BA,2,XLB_residual,-0.4880860156007149,False
stagger_1,BA,2,XLC_residual,-0.3715800091406822,False
stagger_1,BA,2,XLF_residual,1.9780080681349386,False
stagger_1,BA,2,XLK_residual,-0.2638538018523396,False
stagger_1,BA,2,XLP_residual,-1.0019234645925064,False
stagger_1,BA,2,XLRE_residual,-1.1861275233988364,False
stagger_1,BA,2,XLU_residual,-1.1993932283942346,False
stagger_1,BA,2,XLV_residual,-1.1132364259113325,False
stagger_1,BA,2,XLY_residual,-0.47435131235282824,False
stagger_1,HII,1,XLB_residual,0.04927736703248666,False
stagger_1,HII,1,XLC_residual,0.35831471397195297,False
stagger_1,HII,1,XLE_residual,0.6725354667298662,False
stagger_1,HII,1,XLF_residual,-1.80971450119777,False
stagger_1,HII,1,XLK_residual,-0.461756060755785,False
stagger_1,HII,1,XLP_residual,-0.07245796139689831,False
stagger_1,HII,1,XLRE_residual,-1.393808625732494,False
stagger_1,HII,1,XLU_residual,-0.9127670934952055,False
stagger_1,HII,1,XLV_residual,1.3107274666359068,False
stagger_1,HII,1,XLY_residual,-0.3032701912331611,False
stagger_1,AMD,1,XLB_residual,-1.3548272672404376,False
stagger_1,AMD,1,XLC_residual,-0.685724582362017,False
stagger_1,AMD,1,XLE_residual,0.34554020235116734,False
stagger_1,AMD,1,XLF_residual,0.5799732064334286,False
stagger_1,AMD,1,XLI_residual,-0.9238213611391873,False
stagger_1,AMD,1,XLP_residual,-1.5326152103019905,False
stagger_1,AMD,1,XLRE_residual,-0.4739987689569577,False
stagger_1,AMD,1,XLU_residual,0.2239922838232706,False
stagger_1,AMD,1,XLV_residual,0.8473664674322482,False
stagger_1,AMD,1,XLY_residual,-1.3478352487437302,False
stagger_1,LLY,1,XLB_residual,-2.2538791693341897,True
stagger_1,LLY,1,XLC_residual,-0.7702135805461379,False
stagger_1,LLY,1,XLE_residual,-1.0585380387636165,False
stagger_1,LLY,1,XLF_residual,-1.427214917867529,False
stagger_1,LLY,1,XLI_residual,-2.1656498159964754,True
stagger_1,LLY,1,XLK_residual,3.111281915444218,True
stagger_1,LLY,1,XLP_residual,-1.3175726279523141,False
stagger_1,LLY,1,XLRE_residual,-1.5063353514517124,False
stagger_1,LLY,1,XLU_residual,-2.679086843876553,True
stagger_1,LLY,1,XLY_residual,-2.2878066165233286,True
stagger_1,LLY,2,XLB_residual,-0.9289688376378866,False
stagger_1,LLY,2,XLC_residual,0.3720155339281513,False
stagger_1,LLY,2,XLE_residual,0.1181335055701528,False
stagger_1,LLY,2,XLF_residual,0.36611506925792003,False
stagger_1,LLY,2,XLI_residual,-1.19251308993438,False
stagger_1,LLY,2,XLP_residual,0.193705066912395,False
stagger_1,LLY,2,XLRE_residual,-0.050782660581867915,False
stagger_1,LLY,2,XLU_residual,-1.688579544335124,False
stagger_1,LLY,2,XLY_residual,-1.834966528065163,False
stagger_1,WELL,1,XLB_residual,-2.3809421185759634,True
stagger_1,WELL,1,XLC_residual,1.5605144417939307,False
stagger_1,WELL,1,XLE_residual,1.5634365670995478,False
stagger_1,WELL,1,XLF_residual,1.3946787599464607,False
stagger_1,WELL,1,XLI_residual,-1.3790993233922868,False
stagger_1,WELL,1,XLK_residual,-1.8171010777135732,False
stagger_1,WELL,1,XLP_residual,-0.6051006681061901,False
stagger_1,WELL,1,XLU_residual,-0.31055793114974134,False
stagger_1,WELL,1,XLV_residual,1.6846622370462725,False
stagger_1,WELL,1,XLY_residual,-1.0213691375185752,False
stagger_1,WELL,2,XLC_residual,1.4594044497165322,False
stagger_1,WELL,2,XLE_residual,2.5679922890888154,True
stagger_1,WELL,2,XLF_residual,2.5378445176126685,True
stagger_1,WELL,2,XLI_residual,0.7630384649579861,False
stagger_1,WELL,2,XLK_residual,-3.680278598311225,True
stagger_1,WELL,2,XLP_residual,0.5844652206317963,False
stagger_1,WELL,2,XLU_residual,0.678612523165962,False
stagger_1,WELL,2,XLV_residual,2.558210307121371,True
stagger_1,WELL,2,XLY_residual,-1.2290620112438633,False
stagger_1,WELL,3,XLC_residual,-0.14895802416622797,False
stagger_1,WELL,3,XLE_residual,1.7019281544001603,False
stagger_1,WELL,3,XLF_residual,0.9537939645744674,False
stagger_1,WELL,3,XLI_residual,0.9676978252926918,False
stagger_1,WELL,3,XLP_residual,-0.6876905103882559,False
stagger_1,WELL,3,XLU_residual,-0.11589022977231302,False
stagger_1,WELL,3,XLV_residual,1.0627480429331142,False
stagger_1,WELL,3,XLY_residual,-2.381530095596019,True
stagger_1,WELL,4,XLC_residual,0.397393427147077,False
stagger_1,WELL,4,XLE_residual,1.0073312778067922,False
stagger_1,WELL,4,XLF_residual,0.625918905678451,False
stagger_1,WELL,4,XLI_residual,0.7641059064271818,False
stagger_1,WELL,4,XLP_residual,-1.2043195373453937,False
stagger_1,WELL,4,XLU_residual,-0.3243210261983816,False
stagger_1,WELL,4,XLV_residual,0.015141505679429346,False
stagger_1,NOK,1,XLB_residual,0.12577113069403745,False
stagger_1,NOK,1,XLC_residual,-1.6196192008205086,False
stagger_1,NOK,1,XLE_residual,2.195986857279275,True
stagger_1,NOK,1,XLF_residual,-1.1038470999157324,False
stagger_1,NOK,1,XLI_residual,0.2461702890479017,False
stagger_1,NOK,1,XLP_residual,0.880566284016389,False
stagger_1,NOK,1,XLRE_residual,1.2745550241335053,False
stagger_1,NOK,1,XLU_residual,1.9053219837902002,False
stagger_1,NOK,1,XLV_residual,0.5859487447319234,False
stagger_1,NOK,1,XLY_residual,-1.6610856803009701,False
stagger_1,NOK,2,XLB_residual,-0.5975585762869685,False
stagger_1,NOK,2,XLC_residual,-1.819172265117509,False
stagger_1,NOK,2,XLF_residual,-1.815550498254726,False
stagger_1,NOK,2,XLI_residual,-0.1355801641190039,False
stagger_1,NOK,2,XLP_residual,0.6196550548769485,False
stagger_1,NOK,2,XLRE_residual,1.0015687974567549,False
stagger_1,NOK,2,XLU_residual,1.7740440879131139,False
stagger_1,NOK,2,XLV_residual,0.23456350916831537,False
stagger_1,NOK,2,XLY_residual,-1.1897002414883544,False
stagger_1,MSFT,1,XLB_residual,-2.300757876532802,True
stagger_1,MSFT,1,XLC_residual,2.000544534470864,True
stagger_1,MSFT,1,XLE_residual,-0.9202239428758827,False
stagger_1,MSFT,1,XLF_residual,-0.5663956558515734,False
stagger_1,MSFT,1,XLI_residual,-2.625203270769803,True
stagger_1,MSFT,1,XLP_residual,-0.7162166113154841,False
stagger_1,MSFT,1,XLRE_residual,-1.1466243329882102,False
stagger_1,MSFT,1,XLU_residual,-0.8205308822205203,False
stagger_1,MSFT,1,XLV_residual,-0.5588425774935215,False
stagger_1,MSFT,1,XLY_residual,0.8178433475074525,False
stagger_1,MSFT,2,XLB_residual,-0.40428169990206725,False
stagger_1,MSFT,2,XLC_residual,1.7021668897123499,False
stagger_1,MSFT,2,XLE_residual,-0.49660347611723693,False
stagger_1,MSFT,2,XLF_residual,0.27297061320819016,False
stagger_1,MSFT,2,XLP_residual,0.4150214552803979,False
stagger_1,MSFT,2,XLRE_residual,-0.4973026285105412,False
stagger_1,MSFT,2,XLU_residual,0.152720334543298,False
stagger_1,MSFT,2,XLV_residual,-0.16857794433147066,False
stagger_1,MSFT,2,XLY_residual,0.5334450760906767,False
stagger_1,GOOGL,1,XLB_residual,-4.956047809410122,True
stagger_1,GOOGL,1,XLE_residual,-2.042901048498561,True
stagger_1,GOOGL,1,XLF_residual,-3.1771852085840013,True
stagger_1,GOOGL,1,XLI_residual,-4.14219190264977,True
stagger_1,GOOGL,1,XLK_residual,2.93134273185351,True
stagger_1,GOOGL,1,XLP_residual,-4.667539521129876,True
stagger_1,GOOGL,1,XLRE_residual,-4.666623585635659,True
stagger_1,GOOGL,1,XLU_residual,-3.7206746506986823,True
stagger_1,GOOGL,1,XLV_residual,-2.2881763575295313,True
stagger_1,GOOGL,1,XLY_residual,1.2979455054370395,False
stagger_1,GOOGL,2,XLE_residual,-0.7425013347269429,False
stagger_1,GOOGL,2,XLF_residual,-1.7790789054962735,False
stagger_1,GOOGL,2,XLI_residual,-0.6268504790766192,False
stagger_1,GOOGL,2,XLK_residual,0.9114266446934898,False
stagger_1,GOOGL,2,XLP_residual,-2.8017875835978794,True
stagger_1,GOOGL,2,XLRE_residual,-3.1782787846423037,True
stagger_1,GOOGL,2,XLU_residual,-2.1895094862744733,True
stagger_1,GOOGL,2,XLV_residual,-1.2157271882633476,False
stagger_1,GOOGL,2,XLY_residual,1.1211866194695426,False
stagger_1,GOOGL,3,XLE_residual,-0.7342786549976613,False
stagger_1,GOOGL,3,XLF_residual,-1.5703477644080848,False
stagger_1,GOOGL,3,XLI_residual,-0.9256720062360017,False
stagger_1,GOOGL,3,XLK_residual,-0.23705964436664087,False
stagger_1,GOOGL,3,XLP_residual,-1.5775300558148018,False
stagger_1,GOOGL,3,XLU_residual,-0.9997973803334349,False
stagger_1,GOOGL,3,XLV_residual,-0.20429352010254195,False
stagger_1,GOOGL,3,XLY_residual,1.7221920507882478,False
stagger_1,COST,1,XLB_residual,-1.9272751548680616,False
stagger_1,COST,1,XLC_residual,1.6748669089932247,False
stagger_1,COST,1,XLE_residual,-0.9032545433778092,False
stagger_1,COST,1,XLF_residual,-2.0794618869571395,True
stagger_1,COST,1,XLI_residual,-2.3097899125228927,True
stagger_1,COST,1,XLK_residual,0.8031926999351955,False
stagger_1,COST,1,XLRE_residual,0.6423852330899252,False
stagger_1,COST,1,XLU_residual,-0.21434724557773346,False
stagger_1,COST,1,XLV_residual,-1.3774539552465535,False
stagger_1,COST,1,XLY_residual,2.647021543163916,True
stagger_1,COST,2,XLB_residual,-1.8057513582128546,False
stagger_1,COST,2,XLC_residual,0.9327964203558343,False
stagger_1,COST,2,XLE_residual,-0.30554759993349584,False
stagger_1,COST,2,XLF_residual,-2.075789749554877,True
stagger_1,COST,2,XLI_residual,-2.069729916871628,True
stagger_1,COST,2,XLK_residual,1.3508327093066084,False
stagger_1,COST,2,XLRE_residual,0.3662328801257681,False
stagger_1,COST,2,XLU_residual,-0.0905193711235229,False
stagger_1,COST,2,XLV_residual,-0.7071678633876646,False
stagger_1,COST,3,XLB_residual,-1.1486587485040496,False
stagger_1,COST,3,XLC_residual,1.089412094112318,False
stagger_1,COST,3,XLE_residual,0.25746920470981643,False
stagger_1,COST,3,XLI_residual,-1.4915273411087988,False
stagger_1,COST,3,XLK_residual,0.17463246889441933,False
stagger_1,COST,3,XLRE_residual,0.8788716614634786,False
stagger_1,COST,3,XLU_residual,0.09706972217445654,False
stagger_1,COST,3,XLV_residual,-0.26320560678371563,False
stagger_1,HD,1,XLB_residual,2.464282496179706,True
stagger_1,HD,1,XLC_residual,0.22317384268107598,False
stagger_1,HD,1,XLE_residual,-0.6441575863131708,False
stagger_1,HD,1,XLF_residual,1.3439432935602607,False
stagger_1,HD,1,XLI_residual,2.822561380068335,True
stagger_1,HD,1,XLK_residual,-2.0825106328854988,True
stagger_1,HD,1,XLP_residual,2.7122218741117785,True
stagger_1,HD,1,XLRE_residual,1.5525429054306126,False
stagger_1,HD,1,XLU_residual,0.2818972649290769,False
stagger_1,HD,1,XLV_residual,2.107450457231798,True
stagger_1,HD,2,XLB_residual,0.425876156073108,False
stagger_1,HD,2,XLC_residual,0.6365096393812265,False
stagger_1,HD,2,XLE_residual,-1.1949961751616918,False
stagger_1,HD,2,XLF_residual,0.5064295924625112,False
stagger_1,HD,2,XLK_residual,-1.1945592730555712,False
stagger_1,HD,2,XLP_residual,1.6964782486069294,False
stagger_1,HD,2,XLRE_residual,0.8784301704943662,False
stagger_1,HD,2,XLU_residual,-0.8342255727528972,False
stagger_1,HD,2,XLV_residual,1.7509553599750138,False
stagger_1,KO,1,XLB_residual,-2.2366605283405336,True
stagger_1,KO,1,XLC_residual,-3.3310678561207356,True
stagger_1,KO,1,XLE_residual,0.3408098368068229,False
stagger_1,KO,1,XLF_residual,-0.7532508781641853,False
stagger_1,KO,1,XLI_residual,-1.098174124336073,False
stagger_1,KO,1,XLK_residual,1.9470411917061894,False
stagger_1,KO,1,XLRE_residual,-0.8371505149766916,False
stagger_1,KO,1,XLU_residual,-0.11893752014195041,False
stagger_1,KO,1,XLV_residual,0.988213532197225,False
stagger_1,KO,1,XLY_residual,-3.4951630747188864,True
stagger_1,KO,2,XLB_residual,-2.6912751586983155,True
stagger_1,KO,2,XLC_residual,-2.4490271158949724,True
stagger_1,KO,2,XLE_residual,-0.49080886529021983,False
stagger_1,KO,2,XLF_residual,-0.9134482784935546,False
stagger_1,KO,2,XLI_residual,-1.6234282463184455,False
stagger_1,KO,2,XLK_residual,1.4372902508440328,False
stagger_1,KO,2,XLRE_residual,-0.4971020844336009,False
stagger_1,KO,2,XLU_residual,-0.30174906219492653,False
stagger_1,KO,2,XLV_residual,0.08235215602068252,False
stagger_1,KO,3,XLC_residual,-2.6803465713866617,True
stagger_1,KO,3,XLE_residual,0.33846160344166504,False
stagger_1,KO,3,XLF_residual,0.021147247901025228,False
stagger_1,KO,3,XLI_residual,0.7358720272934738,False
stagger_1,KO,3,XLK_residual,0.14182434042077752,False
stagger_1,KO,3,XLRE_residual,0.6377155438934489,False
stagger_1,KO,3,XLU_residual,0.8132319493197229,False
stagger_1,KO,3,XLV_residual,0.8390306671281728,False
stagger_1,KO,4,XLE_residual,0.8390721151311736,False
stagger_1,KO,4,XLF_residual,0.24743006110307655,False
stagger_1,KO,4,XLI_residual,0.43048070038450575,False
stagger_1,KO,4,XLK_residual,-1.063214479473085,False
stagger_1,KO,4,XLRE_residual,0.5445645802859169,False
stagger_1,KO,4,XLU_residual,0.5761796553581697,False
stagger_1,KO,4,XLV_residual,1.1779220171421443,False
stagger_1,JNJ,1,XLB_residual,0.9791144798829862,False
stagger_1,JNJ,1,XLC_residual,0.5579986179478806,False
stagger_1,JNJ,1,XLE_residual,1.085319744365321,False
stagger_1,JNJ,1,XLF_residual,-0.7535411321790033,False
stagger_1,JNJ,1,XLI_residual,1.0480969254086736,False
stagger_1,JNJ,1,XLK_residual,-1.0569388362587742,False
stagger_1,JNJ,1,XLP_residual,2.4306818027999264,True
stagger_1,JNJ,1,XLRE_residual,0.5346060874244173,False
stagger_1,JNJ,1,XLU_residual,1.504356819672176,False
stagger_1,JNJ,1,XLY_residual,-0.09986271173729369,False
stagger_1,JNJ,2,XLB_residual,-0.17542763694172553,False
stagger_1,JNJ,2,XLC_residual,0.42757473604256635,False
stagger_1,JNJ,2,XLE_residual,0.8056701659937362,False
stagger_1,JNJ,2,XLF_residual,-0.828709547819245,False
stagger_1,JNJ,2,XLI_residual,0.044694252737431626,False
stagger_1,JNJ,2,XLK_residual,0.1409289488081278,False
stagger_1,JNJ,2,XLRE_residual,-0.9649264513792345,False
stagger_1,JNJ,2,XLU_residual,0.34801615976623734,False
stagger_1,JNJ,2,XLY_residual,0.17406801235323033,False
stagger_1,BRK-B,1,XLB_residual,0.7264341658002468,False
stagger_1,BRK-B,1,XLC_residual,-0.016147573950234927,False
stagger_1,BRK-B,1,XLE_residual,0.88002746872262,False
stagger_1,BRK-B,1,XLI_residual,0.4532752688595609,False
stagger_1,BRK-B,1,XLK_residual,-0.948008706784942,False
stagger_1,BRK-B,1,XLP_residual,3.2870115102972526,True
stagger_1,BRK-B,1,XLRE_residual,1.5370888429554084,False
stagger_1,BRK-B,1,XLU_residual,1.389991254512049,False
stagger_1,BRK-B,1,XLV_residual,3.321974680386412,True
stagger_1,BRK-B,1,XLY_residual,-1.9590903064252314,False
stagger_1,BRK-B,2,XLB_residual,-0.15362004994506098,False
stagger_1,BRK-B,2,XLC_residual,-0.012253194031895058,False
stagger_1,BRK-B,2,XLE_residual,0.3794662139314341,False
stagger_1,BRK-B,2,XLI_residual,-0.04091226314080976,False
stagger_1,BRK-B,2,XLK_residual,0.8800635075919194,False
stagger_1,BRK-B,2,XLP_residual,2.0074903357868012,True
stagger_1,BRK-B,2,XLRE_residual,0.27174476509489354,False
stagger_1,BRK-B,2,XLU_residual,0.5654403789402931,False
stagger_1,BRK-B,2,XLY_residual,-1.1641050421399575,False
stagger_1,BRK-B,3,XLB_residual,-1.0799655113003617,False
stagger_1,BRK-B,3,XLC_residual,-0.1522346933760701,False
stagger_1,BRK-B,3,XLE_residual,0.2686074100353633,False
stagger_1,BRK-B,3,XLI_residual,-0.9343505275488077,False
stagger_1,BRK-B,3,XLK_residual,1.6886013770604593,False
stagger_1,BRK-B,3,XLRE_residual,-0.7057481510244162,False
stagger_1,BRK-B,3,XLU_residual,-0.35288764704307135,False
stagger_1,BRK-B,3,XLY_residual,-1.2260150588225782,False
