stagger,ticker,step,factor,alpha,beta,t_stat,p_value,retained,applied_beta,observations,r_squared
stagger_1,VST,3,AUD/USD,0.027330476127554442,0.5290513346634671,0.8883326090895595,0.37709313400403865,False,0.0,80,0.010015782330024425
stagger_1,VST,4,SPY,0.013536416365041416,1.0807695838376312,3.6206421778714972,0.0005205002924983033,True,1.0807695838376312,80,0.14388306992346134
stagger_1,VST,5,XLU_residual,-7.806255641895632e-18,0.7739398668443551,2.761089740178053,0.007179244391783317,True,0.7739398668443551,80,0.08903637641338591
stagger_1,VST,6,XLV_residual,5.204170427930421e-18,-1.0068869923966963,-3.2281814325352336,0.0018231859903894282,True,-1.0068869923966963,80,0.11785816775154523
stagger_1,VIST,1,MXN/USD,0.03547752118344916,0.09581719845524801,0.18650688225642312,0.8525315127255518,True,0.09581719845524801,80,0.0004457604030120299
stagger_1,VIST,2,AUD/USD,2.1865405923809575e-05,-0.03013139752947608,-0.04801711002077209,0.9618253425951311,False,0.0,80,2.955865003917424e-05
stagger_1,VIST,4,SPY,0.001379482224907436,-0.10515622731042484,-0.31110121238607796,0.7565535889769233,True,-0.10515622731042484,80,0.001239282329375424
stagger_1,VIST,5,XLE_residual,8.673617379884035e-18,0.9012890299802223,5.523378655317322,4.2248892051212615e-07,True,0.9012890299802223,80,0.2811570834216549
stagger_1,VIST,6,XLV_residual,-2.6020852139652106e-18,-0.8508848973828882,-2.660257443621447,0.009474407934345314,True,-0.8508848973828882,80,0.0831831422075554
stagger_1,AEP,3,AUD/USD,0.00883362794120338,0.8672049648731093,3.1868703610747158,0.002069463655600157,True,0.8672049648731093,80,0.1152062963219096
stagger_1,AEP,4,SPY,-0.0011881394054275398,0.09057040035582646,0.6190422183986721,0.5376924099070803,True,0.09057040035582646,80,0.004888971148055754
stagger_1,AEP,5,XLU_residual,-1.0299920638612292e-18,0.9779304586913968,10.632750374237036,7.784714909025907e-17,True,0.9779304586913968,80,0.5917414113783999
stagger_1,AEP,6,XLRE_residual,1.3010426069826053e-18,0.31376728455666947,2.8024445007380665,0.006412858359199068,True,0.31376728455666947,80,0.10801164876153957
stagger_1,AEP,6,XLB_residual,1.3010426069826053e-18,-0.22744877888971876,-2.227525431952822,0.028832429000507417,True,-0.22744877888971876,80,0.10801164876153957
stagger_1,ETR,3,AUD/USD,0.014768925272610443,0.4281007299633958,1.5901261934245743,0.11585161553010632,False,0.0,80,0.03139883730419135
stagger_1,ETR,4,SPY,0.010415164596225303,0.3555629708609096,2.506846485392704,0.01426069240049334,True,0.3555629708609096,80,0.07456051535849006
stagger_1,ETR,5,XLU_residual,-5.854691731421724e-18,0.9424746365220069,10.48154428789714,1.5105069823438913e-16,True,0.9424746365220069,80,0.5848033129378245
stagger_1,DIS,3,AUD/USD,-0.0008654436399924892,0.9479899121632263,2.29484141387707,0.02443133111346608,True,0.9479899121632263,80,0.06324644300660753
stagger_1,DIS,4,SPY,-0.014089070912011004,1.0739924854889318,5.758415743232079,1.6032528805525425e-07,True,1.0739924854889318,80,0.2983046528565133
stagger_1,DIS,5,XLC_residual,-5.204170427930421e-18,0.47372630168125995,1.799482717444589,0.07580962572565951,True,0.47372630168125995,80,0.03985982603852334
stagger_1,DIS,6,XLV_residual,3.469446951953614e-18,-0.6431581755104561,-3.1588958444369752,0.0022631067635448116,True,-0.6431581755104561,80,0.1434828388927868
stagger_1,DIS,6,XLF_residual,3.469446951953614e-18,0.5589494746531721,2.3734170966986476,0.020118227209574513,True,0.5589494746531721,80,0.1434828388927868
stagger_1,CMG,3,AUD/USD,0.00027017154356291824,1.042483668624064,2.0309716660766424,0.0456650823970648,True,1.042483668624064,80,0.05022652843704056
stagger_1,CMG,4,SPY,-0.008632223657466078,0.6580237546589979,2.469750757601946,0.01570480940327937,True,0.6580237546589979,80,0.07252904668200422
stagger_1,CMG,5,XLY_residual,-7.806255641895632e-18,0.5317418070749418,1.4592011707683228,0.14852534125375202,True,0.5317418070749418,80,0.026572912849560093
stagger_1,CMG,6,XLE_residual,4.336808689942018e-18,-0.32475599295721425,-2.238341776800458,0.028050287449073525,True,-0.32475599295721425,80,0.06035614279300461
stagger_1,AMZN,3,AUD/USD,0.009628980239381298,0.8584622245936055,1.8582807876591572,0.06690202262078312,False,0.0,80,0.04239498470807135
stagger_1,AMZN,4,SPY,-0.010994405308979428,1.6195826199040517,9.182019693387826,4.7876606626038745e-14,True,1.6195826199040517,80,0.5194365893789374
stagger_1,AMZN,5,XLY_residual,-5.637851296924623e-18,1.0478560069082943,4.901021730181383,5.074136106459124e-06,True,1.0478560069082943,80,0.2354441354985345
stagger_1,AMZN,6,XLB_residual,3.469446951953614e-18,-0.677575821027548,-4.80251811461839,7.5570964094571175e-06,True,-0.677575821027548,80,0.31390780677554275
stagger_1,AMZN,6,XLV_residual,3.469446951953614e-18,-0.3147976906492091,-2.0179277529432573,0.0470824182247054,True,-0.3147976906492091,80,0.31390780677554275
stagger_1,FIX,3,AUD/USD,0.05074569232153414,1.5698090871898072,2.7081576534156695,0.00831166744184005,True,1.5698090871898072,80,0.08594590368218646
stagger_1,FIX,4,SPY,-0.01527477033560158,1.1643768890409953,4.110848590882108,9.670001889607807e-05,True,1.1643768890409953,80,0.17807419023482607
stagger_1,FIX,5,XLI_residual,-6.938893903907228e-18,0.6939573360694951,1.7594844070333828,0.08241640865355722,True,0.6939573360694951,80,0.03817442995515763
stagger_1,FIX,6,XLRE_residual,4.336808689942018e-19,-0.8906916423112345,-2.997047477305518,0.003667760600162926,True,-0.8906916423112345,80,0.19764314008041484
stagger_1,FIX,6,XLF_residual,4.336808689942018e-19,-0.8318994041356362,-2.399903201566052,0.01881561613828897,True,-0.8318994041356362,80,0.19764314008041484
stagger_1,STX,1,SGD/USD,0.04734412254090911,3.8723521240639207,2.4009868203688938,0.018732328885719084,True,3.8723521240639207,80,0.06882057855220658
stagger_1,STX,2,AUD/USD,-0.0008008311545547805,1.103577127997477,1.3095112348543336,0.19420543684424108,False,0.0,80,0.021511930670082502
stagger_1,STX,4,SPY,-0.02750723065195021,2.096842240436178,5.334886247184359,9.087069812190099e-07,True,2.096842240436178,80,0.26733741236131625
stagger_1,STX,5,XLK_residual,-1.9081958235744878e-17,2.5292280701422194,6.228180143529112,2.2200414191920814e-08,True,2.5292280701422194,80,0.33213590381363733
stagger_1,STX,6,XLE_residual,2.211772431870429e-17,0.42488792352532123,2.4079703055975528,0.01840271441980291,True,0.42488792352532123,80,0.06919376097223795
stagger_1,VLO,3,AUD/USD,0.028147960800478083,0.3563175240767646,0.631491322425135,0.5295656890835736,False,0.0,80,0.0050865751193456266
stagger_1,VLO,4,SPY,0.029405267027374574,-0.07613255166926161,-0.2498008982992209,0.8033980407247843,True,-0.07613255166926161,80,0.0007993667681287508
stagger_1,VLO,5,XLE_residual,3.469446951953614e-18,1.1936536306161891,10.966479376584726,1.8147134545552188e-17,True,1.1936536306161891,80,0.606584504197715
stagger_1,CF,3,AUD/USD,0.01706875098254073,0.2809370199523277,0.5153133637554133,0.6077914968488018,False,0.0,80,0.003392908758911517
stagger_1,CF,4,SPY,0.024449741264504197,-0.5471032380335343,-1.9013352857711443,0.06095126638907511,True,-0.5471032380335343,80,0.04429421685185475
stagger_1,CF,5,XLB_residual,0.0,0.5428187046791579,1.8273791032599995,0.07146744874513702,True,0.5428187046791579,80,0.04105412508325401
stagger_1,CF,6,XLE_residual,3.469446951953614e-18,0.8661671416852308,6.4966782211353005,7.337077915492853e-09,True,0.8661671416852308,80,0.35814445271098516
stagger_1,CF,6,XLY_residual,3.469446951953614e-18,0.7839389598890935,2.4151015520114405,0.018102592089637538,True,0.7839389598890935,80,0.35814445271098516
stagger_1,NTR,1,CAD/USD,0.009125863623017436,0.3921288128535939,1.4204349568246997,0.15946617732467527,True,0.3921288128535939,80,0.02521488487887802
stagger_1,NTR,2,AUD/USD,-0.0008352064366827453,1.1509476316412592,3.252382441980036,0.0016919503673114254,True,1.1509476316412592,80,0.1194200880368842
stagger_1,NTR,4,SPY,0.004071208095546824,-0.310343168033278,-1.6554410439378155,0.10185335147529169,True,-0.310343168033278,80,0.0339418948035598
stagger_1,NTR,5,XLB_residual,3.0357660829594124e-18,0.45287473746896895,2.372824484625452,0.020115604533186376,True,0.45287473746896895,80,0.06732364109404365
stagger_1,NTR,6,XLE_residual,2.168404344971009e-18,0.25497856964213234,2.576544428489633,0.011866436696489232,True,0.25497856964213234,80,0.07843445741278499
stagger_1,LNN,3,AUD/USD,0.0005106226542409462,1.0972729740323628,3.0161765409457075,0.0034546994466931806,True,1.0972729740323628,80,0.10445006608027263
stagger_1,LNN,4,SPY,-0.0021147351552583135,0.16120365066872358,0.8257221726568053,0.41148016938014975,True,0.16120365066872358,80,0.008665497715881654
stagger_1,LNN,5,XLI_residual,-1.3010426069826053e-18,0.8872338346949225,3.4342928102775927,0.0009543542987750133,True,0.8872338346949225,80,0.13134863006168607
stagger_1,WDC,3,AUD/USD,0.046584305186697525,1.8996128336830962,2.08549179419819,0.04029487239447785,True,1.8996128336830962,80,0.052814987983840433
stagger_1,WDC,4,SPY,-0.020882019415809878,1.5918105654003436,3.485771356753859,0.0008087696949665193,True,1.5918105654003436,80,0.13478115163439164
stagger_1,WDC,5,XLK_residual,-1.734723475976807e-18,2.5892389589897453,5.205877031514881,1.5253196886709874e-06,True,2.5892389589897453,80,0.2578578274919764
stagger_1,WDC,6,XLI_residual,2.0816681711721685e-17,2.2415984046255293,3.958901455458206,0.00016657441465710185,True,2.2415984046255293,80,0.17087068627142277
stagger_1,WDC,6,XLP_residual,2.0816681711721685e-17,-1.0683289734012535,-2.091800507233862,0.03975280131584402,True,-1.0683289734012535,80,0.17087068627142277
stagger_1,ASND,1,DKK/USD,0.01050508144589952,0.7807794260604141,1.2526086607184,0.2140906941484559,True,0.7807794260604141,80,0.019719085268918413
stagger_1,ASND,2,AUD/USD,-0.0003819974414139265,0.5264076414863477,1.0006687989026457,0.3200812442846085,False,0.0,80,0.012674950448632316
stagger_1,ASND,4,SPY,-0.003995342829144724,0.3045600524159087,1.075209580726372,0.28559562530665206,True,0.3045600524159087,80,0.014605014625880042
stagger_1,ASND,5,XLV_residual,-1.734723475976807e-18,0.31839023936538624,0.9701274349881988,0.33498170041402164,True,0.31839023936538624,80,0.011922137858651705
stagger_1,DOCN,3,AUD/USD,0.025390117780360436,1.3562786106957536,1.2521509725022366,0.21480455748365254,False,0.0,70,0.022537441295575444
stagger_1,DOCN,4,SPY,0.006036244464356346,1.546189502823737,2.8133148378838446,0.006405014307817513,True,1.546189502823737,70,0.10425828156358097
stagger_1,DOCN,5,XLK_residual,-0.0026277092193186784,2.4233173477965178,3.812640035133934,0.00029867782413427673,True,2.4233173477965178,70,0.1761193246604128
stagger_1,DOCN,6,XLE_residual,0.0006369671893708146,0.7941590136389718,2.855960812458599,0.005685611939242172,True,0.7941590136389718,70,0.10710196581635212
stagger_1,CME,3,AUD/USD,0.008462479719958569,0.6864279163249659,2.3931348998160002,0.019109210612652878,True,0.6864279163249659,80,0.0684019273897627
stagger_1,CME,4,SPY,0.0006175026028736089,-0.04707146123388019,-0.30465988760841345,0.7614366025109062,True,-0.04707146123388019,80,0.001188555489660903
stagger_1,CME,5,XLF_residual,1.734723475976807e-18,-0.20927987861196,-1.011210857976634,0.31504214111429096,True,-0.20927987861196,80,0.012939944774534307
stagger_1,CME,6,XLP_residual,4.336808689942018e-19,0.44354468274263237,2.4025345150247923,0.018690404398924755,True,0.44354468274263237,80,0.14416193627321072
stagger_1,CME,6,XLE_residual,4.336808689942018e-19,0.19264782996482566,2.347070435866088,0.021492974951226627,True,0.19264782996482566,80,0.14416193627321072
stagger_1,NET,3,AUD/USD,0.029981456814542663,0.07324206338125921,0.09459713008334358,0.9248774220290301,False,0.0,80,0.00011471269871787815
stagger_1,NET,4,SPY,0.011521268314186116,1.411248901558702,3.660567489978905,0.0004559570329966777,True,1.411248901558702,80,0.14660602147321256
stagger_1,NET,5,XLK_residual,-1.734723475976807e-17,0.16156132201115544,0.3317004810509254,0.7410050543277863,True,0.16156132201115544,80,0.0014085926721293385
stagger_1,NET,6,XLY_residual,8.673617379884035e-18,1.5899688406892243,3.158644663639056,0.0022746795813128637,True,1.5899688406892243,80,0.19102057752630908
stagger_1,NET,6,XLP_residual,8.673617379884035e-18,-1.0523287780752377,-2.3122055090790217,0.023475909664783284,True,-1.0523287780752377,80,0.19102057752630908
stagger_1,NET,6,XLE_residual,8.673617379884035e-18,0.44165398076539264,2.1318875576560066,0.036247387502730724,True,0.44165398076539264,80,0.19102057752630908
stagger_1,MRNA,3,AUD/USD,-0.004607860372301627,2.674210324713482,2.8814021463443016,0.005111180363331413,True,2.674210324713482,80,0.09620208468766278
stagger_1,MRNA,4,SPY,-0.00023226134437179594,0.017704995601391937,0.03539441464885269,0.9718556623738079,True,0.017704995601391937,80,1.606082651173235e-05
stagger_1,MRNA,5,XLV_residual,8.673617379884035e-19,0.5614423945780334,0.9686910964129476,0.33569350179530816,True,0.5614423945780334,80,0.01188728029390973
stagger_1,AXON,3,AUD/USD,0.022524799494087755,0.18203385844237024,0.26594256072345385,0.7909851413940479,False,0.0,80,0.0009059150558736739
stagger_1,AXON,4,SPY,0.009982912228537009,0.9661221188506409,2.740708994125668,0.007597420315551292,True,0.9661221188506409,80,0.08784183459150552
stagger_1,AXON,5,XLI_residual,-6.938893903907228e-18,1.463226784510264,3.098183037751503,0.00270685925611988,True,1.463226784510264,80,0.10957621467758227
stagger_1,AXON,6,XLY_residual,6.938893903907228e-18,0.9069188124097705,2.0174395717090103,0.04708952997254927,True,0.9069188124097705,80,0.0495925347832189
stagger_1,NFLX,3,AUD/USD,0.0064296815178037136,1.1150016541955396,1.9341654283971699,0.056719658214097836,False,0.0,80,0.045766458592965464
stagger_1,NFLX,4,SPY,-0.006750209675900107,1.0663651765965274,3.623822040822394,0.0005150571840287952,True,1.0663651765965274,80,0.14409947948629953
stagger_1,NFLX,5,XLC_residual,-1.214306433183765e-17,1.1105117841483856,2.7432827490488294,0.007543410641444467,True,1.1105117841483856,80,0.08799236977001745
stagger_1,NFLX,6,XLU_residual,8.673617379884035e-18,0.8470791204963264,3.019792392608193,0.003430505679652138,True,0.8470791204963264,80,0.12810717681964445
stagger_1,NFLX,6,XLK_residual,8.673617379884035e-18,0.9047570737026678,2.5099876358001034,0.014171761253034201,True,0.9047570737026678,80,0.12810717681964445
stagger_1,CMCSA,3,AUD/USD,-0.005018649911893874,1.3972217825055568,4.238938129661776,6.108155064648978e-05,True,1.3972217825055568,80,0.1872341279187132
stagger_1,CMCSA,4,SPY,-0.001606953867466605,0.12249610985456916,0.6916219079874514,0.491228344415985,True,0.12249610985456916,80,0.006095195927237285
stagger_1,CMCSA,5,XLC_residual,-5.204170427930421e-18,1.0423485198004587,4.608200727084317,1.559142933038885e-05,True,1.0423485198004587,80,0.21399107131852424
stagger_1,CMCSA,6,XLE_residual,4.336808689942018e-18,0.24723974740700683,2.984369902143751,0.003806516103154616,True,0.24723974740700683,80,0.1668164756510383
stagger_1,CMCSA,6,XLP_residual,4.336808689942018e-18,0.3989364802469011,2.140959088338288,0.03544143646632305,True,0.3989364802469011,80,0.1668164756510383
stagger_1,MU,3,AUD/USD,0.04853465349012,2.100631501784688,2.2933252953390926,0.024522784439723465,True,2.100631501784688,80,0.06316817852199874
stagger_1,MU,4,SPY,-0.02031077867418042,1.5482655887481134,3.35471097657333,0.0012289552874215465,True,1.5482655887481134,80,0.1260904264885574
stagger_1,MU,5,XLK_residual,-2.42861286636753e-17,2.572639566163326,5.08853308019793,2.431795522285309e-06,True,2.572639566163326,80,0.24922879127049002
stagger_1,MU,6,XLY_residual,2.168404344971009e-17,-1.3541672272265908,-2.541935917704924,0.013005756829100051,True,-1.3541672272265908,80,0.07650163609190008
stagger_1,NEM,3,AUD/USD,0.01387213891391447,3.4605761782721256,6.803878489739867,1.8558760375299245e-09,True,3.4605761782721256,80,0.3724493813706453
stagger_1,NEM,4,SPY,0.0013706032220434962,-0.10447939188145758,-0.3814790033827851,0.703885058685479,True,-0.10447939188145758,80,0.0018622464655693172
stagger_1,NEM,5,XLB_residual,-1.734723475976807e-18,0.4903823444839309,1.7307710859903083,0.0874469238844785,True,0.4903823444839309,80,0.0369843511892034
stagger_1,PGR,3,AUD/USD,0.011590839264299923,0.33221152250849195,1.202577098231466,0.2327779053499638,False,0.0,80,0.018203410971126655
stagger_1,PGR,4,SPY,0.00865803476039841,0.24194095028878088,1.6375140717326675,0.10555148546423158,True,0.24194095028878088,80,0.033235052884084015
stagger_1,PGR,5,XLF_residual,-2.6020852139652106e-18,0.5520258065306715,2.9185657382128802,0.004593215661208174,True,0.5520258065306715,80,0.09845377160355018
stagger_1,PGR,6,XLP_residual,1.734723475976807e-18,0.5644156417695999,3.361380546184708,0.0012033530940123752,True,0.5644156417695999,80,0.12652879051220678
stagger_1,ORKA,3,AUD/USD,0.02920354469412815,1.2333695391385215,1.2003968939915926,0.23361825734215028,False,0.0,80,0.018138663423259094
stagger_1,ORKA,4,SPY,0.026833702556454304,0.24887621413903654,0.4458820593805132,0.6569176862541701,True,0.24887621413903654,80,0.0025423763969790736
stagger_1,ORKA,5,XLV_residual,-1.8214596497756474e-17,-0.7427220223089865,-1.151240491937562,0.2531501206645716,True,-0.7427220223089865,80,0.016707831635743742
stagger_1,ORKA,6,XLC_residual,1.3010426069826053e-17,-1.8184988931971193,-2.360925597663029,0.020726861250165173,True,-1.8184988931971193,80,0.06669504511029345
stagger_1,UPST,3,AUD/USD,-0.009471288240082044,1.8415638756136121,1.2701234620286188,0.20818736806329782,False,0.0,73,0.022216529590423528
stagger_1,UPST,4,SPY,-0.042209372671198765,2.6062352715339077,3.6478184547653276,0.0005009767920008146,True,2.6062352715339077,73,0.15783559908574685
stagger_1,UPST,5,XLF_residual,0.0015541779484247178,1.8477338898248223,1.9376145125826898,0.056648277549543595,True,1.8477338898248223,73,0.050222495405319534
stagger_1,UPST,6,XLV_residual,-0.0008119453476385863,-1.7303465043853858,-2.207168305559019,0.03053611023033131,True,-1.7303465043853858,73,0.06420837898879139
stagger_1,PG,3,AUD/USD,0.0022265654251696844,0.8518723911518092,3.404803818083771,0.001048555230677465,True,0.8518723911518092,80,0.1293932480864478
stagger_1,PG,4,SPY,-0.004015497639221242,0.30609642871096865,2.348780689044252,0.021367721725088273,True,0.30609642871096865,80,0.06605584336321557
stagger_1,PG,5,XLP_residual,-8.673617379884035e-19,0.9601542751755734,7.582115086339163,6.040542255441383e-11,True,0.9601542751755734,80,0.4243052529072393
stagger_1,PG,6,XLE_residual,3.0357660829594124e-18,-0.17364702370202845,-3.2914552868911926,0.0014986029965286811,True,-0.17364702370202845,80,0.12195462532932622
stagger_1,F,3,AUD/USD,0.01107856968507793,2.024644824935916,4.174134676190687,7.713777750473963e-05,True,2.024644824935916,80,0.18259043631978578
stagger_1,F,4,SPY,-0.011482599312522192,0.8753043726265809,3.618224968006535,0.0005246744420384248,True,0.8753043726265809,80,0.14371861762473748
stagger_1,F,5,XLY_residual,-2.6020852139652106e-18,0.4715658290082856,1.424324337671539,0.15834119725194823,True,0.4715658290082856,80,0.025349653605203026
stagger_1,HPE,3,AUD/USD,0.030048004873100966,0.6314918570971675,1.0580125339337139,0.29331537628904175,False,0.0,80,0.014148118616385541
stagger_1,HPE,4,SPY,0.013645326168602727,1.285288069267751,4.4400475650349085,2.9248645616926594e-05,True,1.285288069267751,80,0.20175223473200687
stagger_1,HPE,5,XLK_residual,-1.9081958235744878e-17,1.2533717325270628,3.71543269049106,0.00037957754718298076,True,1.2533717325270628,80,0.15036789142121731
stagger_1,HPE,6,XLF_residual,6.5052130349130266e-18,1.0723560181538885,3.2738520655216994,0.0016064179215293552,True,1.0723560181538885,80,0.29119073472488277
stagger_1,HPE,6,XLC_residual,6.5052130349130266e-18,-1.0202082805399275,-3.0808028908664755,0.002885822869406297,True,-1.0202082805399275,80,0.29119073472488277
stagger_1,HPE,6,XLE_residual,6.5052130349130266e-18,0.33031965196464275,2.425082010863887,0.01771160755939607,True,0.33031965196464275,80,0.29119073472488277
stagger_1,HPE,6,XLRE_residual,6.5052130349130266e-18,-0.6525756039456739,-2.390354897691168,0.019342939885103973,True,-0.6525756039456739,80,0.29119073472488277
stagger_1,BA,3,AUD/USD,0.0029703095277385265,2.022961289704119,4.611120424610553,1.5420448522006578e-05,True,2.022961289704119,80,0.21420421839264014
stagger_1,BA,4,SPY,-0.00859394373840155,0.6551057236775955,2.9177750953635155,0.00460371137776725,True,0.6551057236775955,80,0.09840568483907919
stagger_1,BA,5,XLI_residual,-6.071532165918825e-18,0.3642699883913818,1.1523716348955664,0.2526880101288143,True,0.3642699883913818,80,0.016740130194554226
stagger_1,BA,6,XLE_residual,3.686287386450715e-18,-0.30728595256249547,-2.5208518245243656,0.013747297871210052,True,-0.30728595256249547,80,0.07533302091219107
stagger_1,HII,3,AUD/USD,0.009057426475247838,1.7449141215334631,3.932469350369476,0.0001809585112842636,True,1.7449141215334631,80,0.16545689293175225
stagger_1,HII,4,SPY,0.004782847070862697,-0.3645905287459509,-1.5477192123566776,0.1257379353078669,True,-0.3645905287459509,80,0.029795656525025804
stagger_1,HII,5,XLI_residual,3.469446951953614e-18,0.8169776616066342,2.54179152080892,0.013010710278008776,True,0.8169776616066342,80,0.07649360967805674
stagger_1,AMD,3,AUD/USD,0.032776875472104866,1.7601711292211255,2.079262440790138,0.04087949157231873,True,1.7601711292211255,80,0.05251648806012155
stagger_1,AMD,4,SPY,-0.02834694361336894,2.1608525230278097,5.610874212996731,2.95064696366386e-07,True,2.1608525230278097,80,0.2875535291337754
stagger_1,AMD,5,XLK_residual,-9.540979117872439e-18,2.861726748182427,7.87440665267417,1.647052200793136e-11,True,2.861726748182427,80,0.4428821340968482
stagger_1,LLY,3,AUD/USD,0.02475114726818158,0.04315758676786352,0.09359880345861912,0.9256678704050024,False,0.0,80,0.00011230451459842694
stagger_1,LLY,4,SPY,0.019312069003341845,0.41700156286602197,1.7089752975263741,0.09143185377053997,True,0.41700156286602197,80,0.03609212847457388
stagger_1,LLY,5,XLV_residual,-9.540979117872439e-18,1.3772467556854568,5.790243957684697,1.4045372418294022e-07,True,1.3772467556854568,80,0.3006173178593209
stagger_1,LLY,6,XLK_residual,4.553649124439119e-18,0.7570729509332299,3.111281915444218,0.0026024059652044796,True,0.7570729509332299,80,0.11040222239769082
stagger_1,WELL,3,AUD/USD,0.02186056218199557,1.2466373290781438,3.60279860791006,0.0005520716599668523,True,1.2466373290781438,80,0.14267020547915577
stagger_1,WELL,4,SPY,-0.004840186176950378,0.36896141802938226,2.029957846526871,0.04577050416191486,True,0.36896141802938226,80,0.050178912388460395
stagger_1,WELL,5,XLRE_residual,-1.734723475976807e-18,0.90291019198385,4.919243557495508,4.726708300935541e-06,True,0.90291019198385,80,0.2367828189853537
stagger_1,WELL,6,XLB_residual,4.336808689942018e-18,-0.7639716732674431,-4.513865349339089,2.285792949610638e-05,True,-0.7639716732674431,80,0.2622629749368667
stagger_1,WELL,6,XLK_residual,4.336808689942018e-18,-0.8783909061540602,-4.2649812435178855,5.689894577336363e-05,True,-0.8783909061540602,80,0.2622629749368667
stagger_1,WELL,6,XLY_residual,4.336808689942018e-18,-0.472304875658375,-2.381530095596019,0.01974415877510203,True,-0.472304875658375,80,0.2622629749368667
stagger_1,NOK,1,EUR/USD,0.01776149665202094,0.37394696757624346,0.4725765551780616,0.6378349506704454,True,0.37394696757624346,80,0.002855012750026642
stagger_1,NOK,2,AUD/USD,-0.0006383593729291231,0.8796845619711654,1.3016476939893344,0.19686814474095135,False,0.0,80,0.02125982663269288
stagger_1,NOK,4,SPY,-0.012745743607872426,0.9715923031627136,2.765143353967963,0.007098624904828861,True,0.9715923031627136,80,0.08927464425381137
stagger_1,NOK,5,XLK_residual,-4.336808689942018e-18,1.5275995476498399,3.7333723705800796,0.00035736620447103073,True,1.5275995476498399,80,0.15160280577990526
stagger_1,NOK,6,XLE_residual,1.431146867680866e-17,0.3927156818832379,2.195986857279275,0.031064192544175504,True,0.3927156818832379,80,0.05822531955918098
stagger_1,MSFT,3,AUD/USD,0.01091884998420913,0.7583666476835514,1.8431070097538136,0.06911227709041905,False,0.0,80,0.04173423634871032
stagger_1,MSFT,4,SPY,-0.006291565832061009,1.3538791814687876,8.11656163608389,5.594436163350329e-12,True,1.3538791814687876,80,0.45787619041389405
stagger_1,MSFT,5,XLK_residual,-7.806255641895632e-18,0.3887026210595037,1.8846795401545648,0.06319811659172642,True,0.3887026210595037,80,0.04355523138592732
stagger_1,MSFT,6,XLI_residual,1.3010426069826053e-18,-0.5828442333113847,-2.625203270769803,0.010416988808644147,True,-0.5828442333113847,80,0.08118217499516878
stagger_1,GOOGL,3,AUD/USD,0.02078598718235295,1.0817904435099073,2.291970489936807,0.024604762909117252,True,1.0817904435099073,80,0.06309827398779622
stagger_1,GOOGL,4,SPY,-0.014880611848948474,1.1343306741130657,5.165656674029429,1.7906665788508526e-06,True,1.1343306741130657,80,0.25490052550505893
stagger_1,GOOGL,5,XLC_residual,-8.673617379884035e-18,0.6948220826963196,2.267832170183938,0.026106465413911713,True,0.6948220826963196,80,0.06185799009418824
stagger_1,GOOGL,6,XLB_residual,2.6020852139652106e-18,-0.7140092044003756,-3.5401516709424317,0.0006821523348763652,True,-0.7140092044003756,80,0.3276867103259886
stagger_1,GOOGL,6,XLRE_residual,2.6020852139652106e-18,-0.7028839564561624,-3.1782787846423037,0.0021336537104479887,True,-0.7028839564561624,80,0.3276867103259886
stagger_1,COST,3,AUD/USD,0.01301593429573385,0.8221830471242045,2.874105548330848,0.005218992891186768,True,0.8221830471242045,80,0.0957620737110022
stagger_1,COST,4,SPY,-0.006065947680076306,0.4623997044558191,3.1884751853144975,0.002059342256253293,True,0.4623997044558191,80,0.11530897263073248
stagger_1,COST,5,XLP_residual,2.168404344971009e-19,0.598210252977059,3.4591725735325425,0.0008811490605453953,True,0.598210252977059,80,0.13300459655005226
stagger_1,COST,6,XLY_residual,-4.336808689942018e-19,0.4634942885969461,2.637874492896206,0.010090146319510995,True,0.4634942885969461,80,0.1310516738951556
stagger_1,COST,6,XLF_residual,-4.336808689942018e-19,-0.35473145572844156,-2.075789749554877,0.04125170479227432,True,-0.35473145572844156,80,0.1310516738951556
stagger_1,HD,3,AUD/USD,0.003489095034067264,0.8889655213088461,2.5194677878755107,0.013797281364239624,True,0.8889655213088461,80,0.07525654623043321
stagger_1,HD,4,SPY,-0.009503166896503955,0.7244146827660205,4.2221525649513945,6.490002533272269e-05,True,0.7244146827660205,80,0.1860295308207034
stagger_1,HD,5,XLY_residual,1.734723475976807e-18,0.6540203149657667,2.8935663800958284,0.004935996381689466,True,0.6540203149657667,80,0.09693715534266845
stagger_1,HD,6,XLI_residual,0.0,0.6224071681370185,2.822561380068335,0.006042261878086687,True,0.6224071681370185,80,0.09267354206806
stagger_1,KO,3,AUD/USD,0.010614220000327471,0.9641717742891176,4.397523711735018,3.422742839268716e-05,True,0.9641717742891176,80,0.19867032527712947
stagger_1,KO,4,SPY,-0.0009136186702677159,0.06964402355540886,0.5906549061493235,0.5564592585132105,True,0.06964402355540886,80,0.004452817300726775
stagger_1,KO,5,XLP_residual,-2.168404344971009e-18,0.8927285519863146,7.957875435772212,1.1354810572593887e-11,True,0.8927285519863146,80,0.44809152737675784
stagger_1,KO,6,XLY_residual,2.1141942363467336e-18,-0.3237377237247038,-2.935755329829287,0.004399796129142797,True,-0.3237377237247038,80,0.27799569872100405
stagger_1,KO,6,XLB_residual,2.1141942363467336e-18,-0.23161547419672274,-2.9038395885904915,0.004823423835717941,True,-0.23161547419672274,80,0.27799569872100405
stagger_1,KO,6,XLC_residual,2.1141942363467336e-18,-0.3069162634004273,-2.6803465713866617,0.009014204963538209,True,-0.3069162634004273,80,0.27799569872100405
stagger_1,JNJ,3,AUD/USD,0.011667439836720785,0.595255718395225,2.2506377149055385,0.02722486757742357,True,0.595255718395225,80,0.060980527940928786
stagger_1,JNJ,4,SPY,0.001133260796382194,-0.0863870717249413,-0.6074390116085818,0.5453240027810163,True,-0.0863870717249413,80,0.004708267769823471
stagger_1,JNJ,5,XLV_residual,4.336808689942018e-19,1.0026927568096276,8.301330617525593,2.451212946938749e-12,True,1.0026927568096276,80,0.4690702447388633
stagger_1,JNJ,6,XLP_residual,1.951563910473908e-18,0.3110115353858297,2.4306818027999264,0.01736624048511137,True,0.3110115353858297,80,0.07041282066377186
stagger_1,BRK-B,3,AUD/USD,0.010551425860220062,0.5832712543072269,2.862337515654442,0.005397294621304948,True,0.5832712543072269,80,0.0950538713089022
stagger_1,BRK-B,4,SPY,-0.002709075506776925,0.20650948207096848,1.9243747811933363,0.05795473347257799,True,0.20650948207096848,80,0.04532524392079207
stagger_1,BRK-B,5,XLF_residual,-8.673617379884035e-19,0.4812552235475218,3.590629231591576,0.0005746371921891314,True,0.4812552235475218,80,0.1418445031390706
stagger_1,BRK-B,6,XLV_residual,4.336808689942018e-19,0.24770410015319316,2.0593346806254003,0.04284281345433654,True,0.24770410015319316,80,0.1675155758792335
stagger_1,BRK-B,6,XLP_residual,4.336808689942018e-19,0.265303441252705,2.0074903357868012,0.0482062228733168,True,0.265303441252705,80,0.1675155758792335
